source,product,rating,text,date,title
amazon,Sennheiser Momentum 4,5,The ear cups are incredibly soft and I can wear these for hours without discomfort. The matte finish resists fingerprints and looks clean all day long.,2024-03-20,Sennheiser Momentum 4 Review
amazon,Apple MacBook Pro 14,4,"The detail retrieval is exceptional, I'm hearing things in songs I never noticed before. The standby drain is terrible, loses significant charge just sitting on the desk.",2022-12-29,Apple MacBook Pro 14 Review
amazon,Bose QuietComfort 45,5,"The detail retrieval is exceptional, I'm hearing things in songs I never noticed before. The matte finish resists fingerprints and looks clean all day long. The ear cups are incredibly soft and I can wear these for hours without discomfort.",2021-01-22,Bose QuietComfort 45 Review
amazon,Anker Soundcore Q45,3,"The detail retrieval is exceptional, I'm hearing things in songs I never noticed before. The ear cushions started peeling and deteriorating within the first year.",2021-10-19,Anker Soundcore Q45 Review
amazon,Jabra Evolve2 85,4,"Compared to competitors, the price-to-performance ratio here is excellent. The hinge mechanism feels incredibly solid and the build quality is top notch.",2023-11-01,Jabra Evolve2 85 Review
amazon,Jabra Evolve2 85,4,"Premium price but you're paying for premium quality, absolutely no regrets. USB-C connectivity is a huge plus for both charging and wired use.",2020-09-02,Jabra Evolve2 85 Review
amazon,Apple MacBook Pro 14,4,Treble is harsh and fatiguing for extended listening sessions. Six months of heavy daily use and it still looks and performs like brand new. Found these on sale and they're an absolute steal at that price point.,2021-11-01,Apple MacBook Pro 14 Review
amazon,Sennheiser Momentum 4,4,"The sleek minimalist design looks absolutely premium and professional. The soundstage is wide and immersive, feels like you're at a live concert. Bluetooth connection drops frequently and requires constant annoying reconnecting. Premium price but you're paying for premium quality, absolutely no regrets.",2021-05-04,Sennheiser Momentum 4 Review
amazon,Samsung Galaxy S23,1,"Battery life is absolutely incredible, lasts way longer than advertised. Not worth the premium when budget alternatives perform remarkably similarly. NFC pairing is very hit or miss, sometimes works fine, sometimes just doesn't. Performance degrades noticeably when multiple applications are running.",2024-10-15,Samsung Galaxy S23 Review
amazon,Samsung Galaxy S23,4,"The audio quality is simply stunning, every instrument is crystal clear. Premium price but you're paying for premium quality, absolutely no regrets.",2020-01-24,Samsung Galaxy S23 Review
amazon,Anker Soundcore Q45,5,"The ear cushions started peeling and deteriorating within the first year. The detail retrieval is exceptional, I'm hearing things in songs I never noticed before.",2021-12-19,Anker Soundcore Q45 Review
amazon,Jabra Evolve2 85,3,"The wireless range is poor, drops connection beyond just 10 feet away. The color options are tasteful and the overall look is very refined and elegant. The processing is fast and responsive, no lag or latency issues whatsoever.",2020-05-22,Jabra Evolve2 85 Review
amazon,Dell XPS 15,4,"The headband digs into my skull during longer listening sessions. Aesthetics are gorgeous, gets compliments everywhere I use them. The noise cancellation is best-in-class, blocks out absolutely everything around me. USB-C connectivity is a huge plus for both charging and wired use.",2024-11-28,Dell XPS 15 Review
amazon,Beats Studio Pro,5,The ANC algorithm is incredibly smart and adapts automatically to your environment. Expensive upfront but the quality completely justifies the cost. The ear cups are incredibly soft and I can wear these for hours without discomfort.,2024-11-06,Beats Studio Pro Review
amazon,Apple AirPods Pro 2,4,"Performance in calls is excellent, colleagues always say my voice sounds clear. Compared to competitors, the price-to-performance ratio here is excellent.",2022-10-21,Apple AirPods Pro 2 Review
amazon,Samsung Galaxy S23,5,"Premium price but you're paying for premium quality, absolutely no regrets. Performance in calls is excellent, colleagues always say my voice sounds clear. The wireless range is poor, drops connection beyond just 10 feet away. Battery management is smart and the drain is minimal even in high-usage modes.",2022-02-11,Samsung Galaxy S23 Review
amazon,Apple MacBook Pro 14,3,"The wireless range is poor, drops connection beyond just 10 feet away. Feels fragile and like it could break with any significant accidental impact. Microphone quality on calls is poor and people consistently struggle to hear me.",2022-10-21,Apple MacBook Pro 14 Review
amazon,Samsung Galaxy S23,4,The matte finish resists fingerprints and looks clean all day long. Six months of heavy daily use and it still looks and performs like brand new. The clamping force is way too tight and causes headaches after just an hour.,2024-05-17,Samsung Galaxy S23 Review
amazon,Sennheiser Momentum 4,5,Six months of heavy daily use and it still looks and performs like brand new. The ergonomic design makes these feel almost weightless on my head.,2021-05-27,Sennheiser Momentum 4 Review
amazon,Beats Studio Pro,5,"30+ hours of battery is not a marketing gimmick, it actually delivers every time. The detail retrieval is exceptional, I'm hearing things in songs I never noticed before. The color options are tasteful and the overall look is very refined and elegant.",2023-12-12,Beats Studio Pro Review
amazon,Samsung Galaxy S23,4,"The detail retrieval is exceptional, I'm hearing things in songs I never noticed before. Aesthetics are gorgeous, gets compliments everywhere I use them. Bluetooth pairing is instant and rock solid, never drops the connection.",2020-10-09,Samsung Galaxy S23 Review
amazon,Apple MacBook Pro 14,1,The design looks dated and generic compared to virtually all the competition. The clamping force is way too tight and causes headaches after just an hour. Software is buggy and requires constant updates just to fix basic issues. The cable port is already loose and connection issues started very early on.,2021-10-22,Apple MacBook Pro 14 Review
amazon,Bose QuietComfort 45,2,Survived being dropped multiple times without any damage or rattles. Bluetooth connection drops frequently and requires constant annoying reconnecting.,2024-08-01,Bose QuietComfort 45 Review
amazon,Jabra Evolve2 85,3,"Built like a tank, feels like it will last for years with proper care. Handles multitasking beautifully without any slowdowns or hiccups at all.",2021-05-02,Jabra Evolve2 85 Review
amazon,Apple MacBook Pro 14,3,The cable port is already loose and connection issues started very early on. Charged once and used them for three full days without needing a top-up. Multipoint pairing is unreliable and switches devices completely unexpectedly.,2024-10-12,Apple MacBook Pro 14 Review
amazon,Sony WH-1000XM5,3,"Multipoint pairing works flawlessly between my laptop, phone, and tablet simultaneously. Charged once and used them for three full days without needing a top-up. Handles multitasking beautifully without any slowdowns or hiccups at all. Found these on sale and they're an absolute steal at that price point.",2024-06-12,Sony WH-1000XM5 Review
amazon,Apple MacBook Pro 14,4,The headband digs into my skull during longer listening sessions. The hinge mechanism feels incredibly solid and the build quality is top notch.,2020-11-23,Apple MacBook Pro 14 Review
amazon,Dell XPS 15,3,Software is buggy and requires constant updates just to fix basic issues. Bass response is deep and satisfying without being muddy or overpowering at all. Not worth the premium when budget alternatives perform remarkably similarly.,2021-01-28,Dell XPS 15 Review
amazon,Beats Studio Pro,5,"The matte finish resists fingerprints and looks clean all day long. The processing is fast and responsive, no lag or latency issues whatsoever. Expensive upfront but the quality completely justifies the cost. Survived being dropped multiple times without any damage or rattles.",2023-07-23,Beats Studio Pro Review
amazon,Anker Soundcore Q45,4,"The hinge cracked after just a few months of completely normal everyday use. Compared to competitors, the price-to-performance ratio here is excellent.",2021-02-12,Anker Soundcore Q45 Review
amazon,Apple AirPods Pro 2,5,"The processing is fast and responsive, no lag or latency issues whatsoever. 30+ hours of battery is not a marketing gimmick, it actually delivers every time. Built like a tank, feels like it will last for years with proper care. The color options are tasteful and the overall look is very refined and elegant.",2023-10-24,Apple AirPods Pro 2 Review
amazon,Dell XPS 15,5,"After two hours my ears get hot and sweaty from the overly tight seal. The hinge mechanism feels incredibly solid and the build quality is top notch. The wireless range is impressive, stays connected even from across the house.",2024-11-28,Dell XPS 15 Review
amazon,Samsung Galaxy S23,5,"Multipoint pairing is unreliable and switches devices completely unexpectedly. The battery drains surprisingly quickly even when the device is not in active use. Aesthetics are gorgeous, gets compliments everywhere I use them. Expensive upfront but the quality completely justifies the cost.",2021-05-04,Samsung Galaxy S23 Review
amazon,Jabra Evolve2 85,5,"Bass response is deep and satisfying without being muddy or overpowering at all. The hinge mechanism feels incredibly solid and the build quality is top notch. Surprisingly comfortable even during long sessions, the headband doesn't dig in at all. The color options are tasteful and the overall look is very refined and elegant.",2024-01-05,Jabra Evolve2 85 Review
amazon,Sony WH-1000XM5,4,"Way too expensive for what you actually get, feels completely overpriced. Premium materials throughout, nothing feels cheap or plasticky whatsoever. Handles multitasking beautifully without any slowdowns or hiccups at all. The quick charge feature is a lifesaver — 15 minutes gives several hours of playback.",2021-06-20,Sony WH-1000XM5 Review
amazon,Anker Soundcore Q45,4,Balanced frequency response makes these great for all genres of music. Found these on sale and they're an absolute steal at that price point. Charged once and used them for three full days without needing a top-up. Survived being dropped multiple times without any damage or rattles.,2022-12-17,Anker Soundcore Q45 Review
amazon,Samsung Galaxy S23,4,"Battery life is much shorter than advertised, barely lasts 6 hours on a charge. The weight is uncomfortable and causes noticeable neck fatigue during long use. The soundstage is wide and immersive, feels like you're at a live concert.",2020-07-06,Samsung Galaxy S23 Review
amazon,Dell XPS 15,3,"The processing is fast and responsive, no lag or latency issues whatsoever. NFC pairing is very hit or miss, sometimes works fine, sometimes just doesn't. The bass is completely overpowering and muddy, drowning out the mids and highs.",2022-01-21,Dell XPS 15 Review
amazon,Apple MacBook Pro 14,5,"The detail retrieval is exceptional, I'm hearing things in songs I never noticed before. The sleek minimalist design looks absolutely premium and professional. Premium price but you're paying for premium quality, absolutely no regrets.",2023-04-03,Apple MacBook Pro 14 Review
amazon,Sennheiser Momentum 4,3,"Worth every single penny, the value you get is truly outstanding. The hinge mechanism feels incredibly solid and the build quality is top notch. The battery drains surprisingly quickly even when the device is not in active use.",2020-08-09,Sennheiser Momentum 4 Review
amazon,Jabra Evolve2 85,4,"The audio quality is simply stunning, every instrument is crystal clear. The glossy finish is a constant fingerprint magnet and looks dirty all the time. The noise cancellation is best-in-class, blocks out absolutely everything around me. Charged once and used them for three full days without needing a top-up.",2021-08-30,Jabra Evolve2 85 Review
amazon,Bose QuietComfort 45,3,"The noise cancellation is best-in-class, blocks out absolutely everything around me. NFC pairing is super convenient and just works perfectly every single time.",2023-01-29,Bose QuietComfort 45 Review
amazon,Sennheiser Momentum 4,4,"The design looks dated and generic compared to virtually all the competition. Multipoint pairing works flawlessly between my laptop, phone, and tablet simultaneously. The EQ preset options are severely limited and the default tuning is quite poor.",2021-08-24,Sennheiser Momentum 4 Review
amazon,Apple AirPods Pro 2,5,"The ANC algorithm is incredibly smart and adapts automatically to your environment. The build quality feels cheap and plasticky for such a high price point. Surprisingly comfortable even during long sessions, the headband doesn't dig in at all. Compact foldable design makes it very easy to travel with anywhere.",2021-09-13,Apple AirPods Pro 2 Review
amazon,Jabra Evolve2 85,1,"Worth every single penny, the value you get is truly outstanding. The noise cancellation is quite underwhelming and lets in a lot of ambient sound.",2021-04-05,Jabra Evolve2 85 Review
amazon,Apple AirPods Pro 2,1,"Premium materials throughout, nothing feels cheap or plasticky whatsoever. The design looks dated and generic compared to virtually all the competition. The noise cancellation is quite underwhelming and lets in a lot of ambient sound. Ear cups are too small for larger ears and start to feel very painful over time.",2023-09-16,Apple AirPods Pro 2 Review
amazon,Anker Soundcore Q45,5,Multipoint pairing is unreliable and switches devices completely unexpectedly. The ergonomic design makes these feel almost weightless on my head.,2022-12-30,Anker Soundcore Q45 Review
amazon,Samsung Galaxy S23,5,"The wireless range is poor, drops connection beyond just 10 feet away. The hinge mechanism feels incredibly solid and the build quality is top notch.",2021-05-11,Samsung Galaxy S23 Review
amazon,Sony WH-1000XM5,5,"The battery drains surprisingly quickly even when the device is not in active use. The ear cups are incredibly soft and I can wear these for hours without discomfort. The color options are tasteful and the overall look is very refined and elegant. Premium materials throughout, nothing feels cheap or plasticky whatsoever.",2021-09-15,Sony WH-1000XM5 Review
amazon,Jabra Evolve2 85,4,"Worth every single penny, the value you get is truly outstanding. The soundstage is wide and immersive, feels like you're at a live concert. The sleek minimalist design looks absolutely premium and professional. 30+ hours of battery is not a marketing gimmick, it actually delivers every time.",2021-04-16,Jabra Evolve2 85 Review
amazon,Bose QuietComfort 45,5,"Premium materials throughout, nothing feels cheap or plasticky whatsoever. Way too expensive for what you actually get, feels completely overpriced. The sleek minimalist design looks absolutely premium and professional. Balanced frequency response makes these great for all genres of music.",2023-08-07,Bose QuietComfort 45 Review
amazon,Sony WH-1000XM5,3,Battery health degrades noticeably after just a few months of normal use. The matte finish resists fingerprints and looks clean all day long.,2024-06-24,Sony WH-1000XM5 Review
amazon,Sony WH-1000XM5,2,"The ANC creates an uncomfortable pressure sensation that gives me headaches. Feels fragile and like it could break with any significant accidental impact. The detail retrieval is exceptional, I'm hearing things in songs I never noticed before. The standby drain is terrible, loses significant charge just sitting on the desk.",2023-12-23,Sony WH-1000XM5 Review
amazon,Sony WH-1000XM5,4,The folding mechanism feels quite flimsy and I worry about long-term reliability. Microphone quality on calls is poor and people consistently struggle to hear me.,2020-02-19,Sony WH-1000XM5 Review
amazon,Bose QuietComfort 45,3,Found these on sale and they're an absolute steal at that price point. Ear cups are too small for larger ears and start to feel very painful over time.,2022-06-14,Bose QuietComfort 45 Review
amazon,Jabra Evolve2 85,3,Software is buggy and requires constant updates just to fix basic issues. The quick charge feature is a lifesaver — 15 minutes gives several hours of playback.,2022-06-10,Jabra Evolve2 85 Review
amazon,Apple AirPods Pro 2,3,The sleek minimalist design looks absolutely premium and professional. Microphone quality on calls is poor and people consistently struggle to hear me.,2023-02-21,Apple AirPods Pro 2 Review
amazon,Apple MacBook Pro 14,3,The ergonomic design makes these feel almost weightless on my head. Not worth the premium when budget alternatives perform remarkably similarly.,2023-10-10,Apple MacBook Pro 14 Review
amazon,Samsung Galaxy S23,4,Expensive upfront but the quality completely justifies the cost. Software is buggy and requires constant updates just to fix basic issues.,2020-10-21,Samsung Galaxy S23 Review
amazon,Jabra Evolve2 85,4,"Balanced frequency response makes these great for all genres of music. Multipoint pairing works flawlessly between my laptop, phone, and tablet simultaneously. The processing is fast and responsive, no lag or latency issues whatsoever. Compared to competitors, the price-to-performance ratio here is excellent.",2022-04-28,Jabra Evolve2 85 Review
amazon,Bose QuietComfort 45,5,The ear cups are incredibly soft and I can wear these for hours without discomfort. NFC pairing is super convenient and just works perfectly every single time.,2023-09-10,Bose QuietComfort 45 Review
amazon,Beats Studio Pro,5,"Performance in calls is excellent, colleagues always say my voice sounds clear. Six months of heavy daily use and it still looks and performs like brand new. Aesthetics are gorgeous, gets compliments everywhere I use them. Surprisingly comfortable even during long sessions, the headband doesn't dig in at all.",2023-06-18,Beats Studio Pro Review
amazon,Bose QuietComfort 45,5,"The quick charge feature is a lifesaver — 15 minutes gives several hours of playback. Balanced frequency response makes these great for all genres of music. Bluetooth pairing is instant and rock solid, never drops the connection.",2021-03-20,Bose QuietComfort 45 Review
amazon,Sony WH-1000XM5,4,"Premium price but you're paying for premium quality, absolutely no regrets. The color options are boring and completely uninspired, needs far more variety. The ergonomic design makes these feel almost weightless on my head.",2021-01-09,Sony WH-1000XM5 Review
amazon,Bose QuietComfort 45,3,"Handles multitasking beautifully without any slowdowns or hiccups at all. The bass is completely overpowering and muddy, drowning out the mids and highs. The battery drains surprisingly quickly even when the device is not in active use. Expensive upfront but the quality completely justifies the cost.",2020-05-18,Bose QuietComfort 45 Review
amazon,Beats Studio Pro,5,"The sleek minimalist design looks absolutely premium and professional. The audio quality is simply stunning, every instrument is crystal clear.",2024-01-12,Beats Studio Pro Review
amazon,Samsung Galaxy S23,4,"Built like a tank, feels like it will last for years with proper care. 30+ hours of battery is not a marketing gimmick, it actually delivers every time.",2021-08-19,Samsung Galaxy S23 Review
amazon,Bose QuietComfort 45,4,"Multipoint pairing works flawlessly between my laptop, phone, and tablet simultaneously. The matte finish resists fingerprints and looks clean all day long. The ear cups are incredibly soft and I can wear these for hours without discomfort.",2024-08-28,Bose QuietComfort 45 Review
amazon,Sennheiser Momentum 4,5,"Aesthetics are gorgeous, gets compliments everywhere I use them. The audio quality is simply stunning, every instrument is crystal clear. Bluetooth pairing is instant and rock solid, never drops the connection. Built like a tank, feels like it will last for years with proper care.",2023-04-27,Sennheiser Momentum 4 Review
amazon,Sennheiser Momentum 4,3,"The build quality feels cheap and plasticky for such a high price point. Perfect fit right out of the box, the padding is plush and luxurious.",2020-07-26,Sennheiser Momentum 4 Review
amazon,Bose QuietComfort 45,3,"The soundstage feels narrow and closed-in, lacks depth and spatial awareness. Battery health degrades noticeably after just a few months of normal use.",2020-09-30,Bose QuietComfort 45 Review
amazon,Sennheiser Momentum 4,1,The clamping force is way too tight and causes headaches after just an hour. The glossy finish is a constant fingerprint magnet and looks dirty all the time.,2023-01-04,Sennheiser Momentum 4 Review
amazon,Anker Soundcore Q45,3,"The soundstage feels narrow and closed-in, lacks depth and spatial awareness. Battery life is absolutely incredible, lasts way longer than advertised. The design looks dated and generic compared to virtually all the competition. The ear cushions started peeling and deteriorating within the first year.",2023-10-03,Anker Soundcore Q45 Review
amazon,Sony WH-1000XM5,4,"Built like a tank, feels like it will last for years with proper care. Compared to competitors, the price-to-performance ratio here is excellent. The wireless range is poor, drops connection beyond just 10 feet away.",2023-06-29,Sony WH-1000XM5 Review
amazon,Apple AirPods Pro 2,4,"30+ hours of battery is not a marketing gimmick, it actually delivers every time. Balanced frequency response makes these great for all genres of music.",2020-01-08,Apple AirPods Pro 2 Review
amazon,Sennheiser Momentum 4,1,Found these on sale and they're an absolute steal at that price point. Microphone quality on calls is poor and people consistently struggle to hear me. The weight is uncomfortable and causes noticeable neck fatigue during long use.,2024-09-21,Sennheiser Momentum 4 Review
amazon,Apple AirPods Pro 2,1,"The bass is completely overpowering and muddy, drowning out the mids and highs. The headband digs into my skull during longer listening sessions.",2020-04-11,Apple AirPods Pro 2 Review
amazon,Beats Studio Pro,4,"Survived being dropped multiple times without any damage or rattles. 30+ hours of battery is not a marketing gimmick, it actually delivers every time. Compared to competitors, the price-to-performance ratio here is excellent.",2020-07-07,Beats Studio Pro Review
amazon,Dell XPS 15,3,"The ANC creates an uncomfortable pressure sensation that gives me headaches. Bass response is deep and satisfying without being muddy or overpowering at all. The standby drain is terrible, loses significant charge just sitting on the desk. Survived being dropped multiple times without any damage or rattles.",2022-08-10,Dell XPS 15 Review
amazon,Dell XPS 15,5,Expensive upfront but the quality completely justifies the cost. The color options are tasteful and the overall look is very refined and elegant.,2020-07-16,Dell XPS 15 Review
amazon,Samsung Galaxy S23,1,"Surprisingly comfortable even during long sessions, the headband doesn't dig in at all. The standby drain is terrible, loses significant charge just sitting on the desk.",2020-02-10,Samsung Galaxy S23 Review
amazon,Sony WH-1000XM5,3,"NFC pairing is very hit or miss, sometimes works fine, sometimes just doesn't. The standby drain is terrible, loses significant charge just sitting on the desk. Bulky and unflattering design, makes you look ridiculous wearing them in public. Feels fragile and like it could break with any significant accidental impact.",2024-12-16,Sony WH-1000XM5 Review
amazon,Bose QuietComfort 45,5,"Performance in calls is excellent, colleagues always say my voice sounds clear. Bluetooth connection drops frequently and requires constant annoying reconnecting. Perfect fit right out of the box, the padding is plush and luxurious.",2023-02-11,Bose QuietComfort 45 Review
amazon,Apple MacBook Pro 14,1,"The glossy finish is a constant fingerprint magnet and looks dirty all the time. The clamping force is way too tight and causes headaches after just an hour. The bass is completely overpowering and muddy, drowning out the mids and highs. The cable port is already loose and connection issues started very early on.",2021-07-20,Apple MacBook Pro 14 Review
amazon,Sennheiser Momentum 4,5,"The soundstage is wide and immersive, feels like you're at a live concert. The ear cushions started peeling and deteriorating within the first year. The color options are tasteful and the overall look is very refined and elegant.",2024-02-20,Sennheiser Momentum 4 Review
amazon,Beats Studio Pro,3,Software is buggy and requires constant updates just to fix basic issues. Feels fragile and like it could break with any significant accidental impact. NFC pairing is super convenient and just works perfectly every single time. The premium price tag is simply not justified given the quality issues I experienced.,2023-01-04,Beats Studio Pro Review
amazon,Bose QuietComfort 45,3,Battery health degrades noticeably after just a few months of normal use. Bass response is deep and satisfying without being muddy or overpowering at all.,2022-10-17,Bose QuietComfort 45 Review
amazon,Apple AirPods Pro 2,4,Compact foldable design makes it very easy to travel with anywhere. The EQ preset options are severely limited and the default tuning is quite poor. Not worth the premium when budget alternatives perform remarkably similarly.,2024-09-21,Apple AirPods Pro 2 Review
amazon,Samsung Galaxy S23,5,"The soundstage is wide and immersive, feels like you're at a live concert. Six months of heavy daily use and it still looks and performs like brand new. The quick charge feature is a lifesaver — 15 minutes gives several hours of playback.",2022-09-04,Samsung Galaxy S23 Review
amazon,Bose QuietComfort 45,4,Battery management is smart and the drain is minimal even in high-usage modes. The matte finish resists fingerprints and looks clean all day long.,2020-06-13,Bose QuietComfort 45 Review
amazon,Sennheiser Momentum 4,5,"USB-C connectivity is a huge plus for both charging and wired use. Perfect fit right out of the box, the padding is plush and luxurious. Balanced frequency response makes these great for all genres of music.",2022-04-23,Sennheiser Momentum 4 Review
amazon,Anker Soundcore Q45,5,"Battery management is smart and the drain is minimal even in high-usage modes. Worth every single penny, the value you get is truly outstanding.",2023-02-10,Anker Soundcore Q45 Review
amazon,Apple AirPods Pro 2,4,"The ANC algorithm is incredibly smart and adapts automatically to your environment. Perfect fit right out of the box, the padding is plush and luxurious. The wireless range is impressive, stays connected even from across the house. Battery management is smart and the drain is minimal even in high-usage modes.",2021-05-28,Apple AirPods Pro 2 Review
amazon,Jabra Evolve2 85,3,"The standby drain is terrible, loses significant charge just sitting on the desk. The ANC algorithm is incredibly smart and adapts automatically to your environment. Premium price but you're paying for premium quality, absolutely no regrets.",2023-01-22,Jabra Evolve2 85 Review
amazon,Anker Soundcore Q45,3,"Bluetooth pairing is instant and rock solid, never drops the connection. Battery management is smart and the drain is minimal even in high-usage modes. The EQ preset options are severely limited and the default tuning is quite poor.",2022-04-24,Anker Soundcore Q45 Review
amazon,Jabra Evolve2 85,4,"Perfect fit right out of the box, the padding is plush and luxurious. Bass response is deep and satisfying without being muddy or overpowering at all. The matte finish resists fingerprints and looks clean all day long.",2021-11-21,Jabra Evolve2 85 Review
amazon,Sennheiser Momentum 4,3,"The hinge cracked after just a few months of completely normal everyday use. Multipoint pairing works flawlessly between my laptop, phone, and tablet simultaneously.",2020-03-29,Sennheiser Momentum 4 Review
amazon,Jabra Evolve2 85,1,The glossy finish is a constant fingerprint magnet and looks dirty all the time. The hinge cracked after just a few months of completely normal everyday use. Multipoint pairing is unreliable and switches devices completely unexpectedly.,2020-10-03,Jabra Evolve2 85 Review
amazon,Anker Soundcore Q45,4,"The noise cancellation is best-in-class, blocks out absolutely everything around me. The sleek minimalist design looks absolutely premium and professional.",2024-07-31,Anker Soundcore Q45 Review
amazon,Apple MacBook Pro 14,3,"The EQ preset options are severely limited and the default tuning is quite poor. The folding mechanism feels quite flimsy and I worry about long-term reliability. Premium price but you're paying for premium quality, absolutely no regrets. Multipoint pairing works flawlessly between my laptop, phone, and tablet simultaneously.",2024-09-05,Apple MacBook Pro 14 Review
amazon,Sennheiser Momentum 4,2,"Way too expensive for what you actually get, feels completely overpriced. The color options are boring and completely uninspired, needs far more variety. After two hours my ears get hot and sweaty from the overly tight seal. The noise cancellation is quite underwhelming and lets in a lot of ambient sound.",2021-12-04,Sennheiser Momentum 4 Review
amazon,Beats Studio Pro,4,"Aesthetics are gorgeous, gets compliments everywhere I use them. The detail retrieval is exceptional, I'm hearing things in songs I never noticed before. Worth every single penny, the value you get is truly outstanding. Survived being dropped multiple times without any damage or rattles.",2023-02-11,Beats Studio Pro Review
amazon,Jabra Evolve2 85,1,"The folding mechanism feels quite flimsy and I worry about long-term reliability. Premium price but you're paying for premium quality, absolutely no regrets. The standby drain is terrible, loses significant charge just sitting on the desk. The detail retrieval is exceptional, I'm hearing things in songs I never noticed before.",2022-06-20,Jabra Evolve2 85 Review
amazon,Beats Studio Pro,5,Expensive upfront but the quality completely justifies the cost. Software is buggy and requires constant updates just to fix basic issues.,2023-02-10,Beats Studio Pro Review
amazon,Beats Studio Pro,5,Handles multitasking beautifully without any slowdowns or hiccups at all. Survived being dropped multiple times without any damage or rattles. Charging takes way too long compared to what competitors are offering. The ergonomic design makes these feel almost weightless on my head.,2023-12-16,Beats Studio Pro Review
amazon,Sony WH-1000XM5,5,"The matte finish resists fingerprints and looks clean all day long. Handles multitasking beautifully without any slowdowns or hiccups at all. The detail retrieval is exceptional, I'm hearing things in songs I never noticed before.",2024-04-08,Sony WH-1000XM5 Review
amazon,Sony WH-1000XM5,5,"The sleek minimalist design looks absolutely premium and professional. Premium materials throughout, nothing feels cheap or plasticky whatsoever.",2020-05-24,Sony WH-1000XM5 Review
amazon,Sennheiser Momentum 4,5,"Worth every single penny, the value you get is truly outstanding. The quick charge feature is a lifesaver — 15 minutes gives several hours of playback.",2024-03-06,Sennheiser Momentum 4 Review
amazon,Beats Studio Pro,4,"Surprisingly comfortable even during long sessions, the headband doesn't dig in at all. Survived being dropped multiple times without any damage or rattles. Aesthetics are gorgeous, gets compliments everywhere I use them. The processing is fast and responsive, no lag or latency issues whatsoever.",2024-11-12,Beats Studio Pro Review
amazon,Jabra Evolve2 85,5,"The hinge mechanism feels incredibly solid and the build quality is top notch. Bass response is deep and satisfying without being muddy or overpowering at all. Aesthetics are gorgeous, gets compliments everywhere I use them.",2020-01-05,Jabra Evolve2 85 Review
amazon,Dell XPS 15,3,"Bluetooth connection drops frequently and requires constant annoying reconnecting. Battery health degrades noticeably after just a few months of normal use. Compared to competitors, the price-to-performance ratio here is excellent. The soundstage feels narrow and closed-in, lacks depth and spatial awareness.",2022-07-12,Dell XPS 15 Review
amazon,Dell XPS 15,5,"After two hours my ears get hot and sweaty from the overly tight seal. Compared to competitors, the price-to-performance ratio here is excellent.",2023-06-17,Dell XPS 15 Review
amazon,Sennheiser Momentum 4,4,"Six months of heavy daily use and it still looks and performs like brand new. The glossy finish is a constant fingerprint magnet and looks dirty all the time. Expensive upfront but the quality completely justifies the cost. The audio quality is simply stunning, every instrument is crystal clear.",2023-10-31,Sennheiser Momentum 4 Review
amazon,Apple MacBook Pro 14,5,"The noise cancellation is best-in-class, blocks out absolutely everything around me. The matte finish resists fingerprints and looks clean all day long. Surprisingly comfortable even during long sessions, the headband doesn't dig in at all. Premium price but you're paying for premium quality, absolutely no regrets.",2020-06-01,Apple MacBook Pro 14 Review
amazon,Sennheiser Momentum 4,5,The hinge mechanism feels incredibly solid and the build quality is top notch. The matte finish resists fingerprints and looks clean all day long. Found these on sale and they're an absolute steal at that price point. The ANC creates an uncomfortable pressure sensation that gives me headaches.,2020-11-29,Sennheiser Momentum 4 Review
amazon,Sony WH-1000XM5,5,"Battery life is absolutely incredible, lasts way longer than advertised. Performance in calls is excellent, colleagues always say my voice sounds clear. NFC pairing is super convenient and just works perfectly every single time. Found these on sale and they're an absolute steal at that price point.",2021-02-22,Sony WH-1000XM5 Review
amazon,Apple AirPods Pro 2,5,"30+ hours of battery is not a marketing gimmick, it actually delivers every time. The processing is fast and responsive, no lag or latency issues whatsoever. Compact foldable design makes it very easy to travel with anywhere. Perfect fit right out of the box, the padding is plush and luxurious.",2020-11-29,Apple AirPods Pro 2 Review
amazon,Anker Soundcore Q45,5,"The noise cancellation is best-in-class, blocks out absolutely everything around me. Charged once and used them for three full days without needing a top-up.",2022-08-23,Anker Soundcore Q45 Review
amazon,Jabra Evolve2 85,4,"The matte finish resists fingerprints and looks clean all day long. The ear cups are incredibly soft and I can wear these for hours without discomfort. The noise cancellation is best-in-class, blocks out absolutely everything around me. Found these on sale and they're an absolute steal at that price point.",2021-12-16,Jabra Evolve2 85 Review
amazon,Sony WH-1000XM5,5,"USB-C connectivity is a huge plus for both charging and wired use. Compared to competitors, the price-to-performance ratio here is excellent.",2024-11-01,Sony WH-1000XM5 Review
amazon,Bose QuietComfort 45,3,"Premium materials throughout, nothing feels cheap or plasticky whatsoever. The premium price tag is simply not justified given the quality issues I experienced.",2021-03-21,Bose QuietComfort 45 Review
amazon,Dell XPS 15,5,"The color options are tasteful and the overall look is very refined and elegant. Built like a tank, feels like it will last for years with proper care. The wireless range is impressive, stays connected even from across the house.",2021-11-22,Dell XPS 15 Review
amazon,Dell XPS 15,3,"The noise cancellation is quite underwhelming and lets in a lot of ambient sound. Bluetooth pairing is instant and rock solid, never drops the connection.",2021-08-09,Dell XPS 15 Review
amazon,Dell XPS 15,4,"Built like a tank, feels like it will last for years with proper care. Battery life is absolutely incredible, lasts way longer than advertised. I wore these on a 12-hour flight and my ears felt completely fine throughout.",2024-09-11,Dell XPS 15 Review
amazon,Apple AirPods Pro 2,4,"Balanced frequency response makes these great for all genres of music. Premium materials throughout, nothing feels cheap or plasticky whatsoever. Aesthetics are gorgeous, gets compliments everywhere I use them.",2022-11-30,Apple AirPods Pro 2 Review
amazon,Apple AirPods Pro 2,4,"The soundstage is wide and immersive, feels like you're at a live concert. Premium price but you're paying for premium quality, absolutely no regrets. Survived being dropped multiple times without any damage or rattles.",2020-12-27,Apple AirPods Pro 2 Review
amazon,Anker Soundcore Q45,5,"The matte finish resists fingerprints and looks clean all day long. Perfect fit right out of the box, the padding is plush and luxurious.",2020-03-25,Anker Soundcore Q45 Review
amazon,Sony WH-1000XM5,4,"The audio quality is simply stunning, every instrument is crystal clear. The color options are boring and completely uninspired, needs far more variety. Microphone quality on calls is poor and people consistently struggle to hear me. The battery drains surprisingly quickly even when the device is not in active use.",2023-09-14,Sony WH-1000XM5 Review
amazon,Samsung Galaxy S23,2,"After two hours my ears get hot and sweaty from the overly tight seal. 30+ hours of battery is not a marketing gimmick, it actually delivers every time. Price gouging at its finest, the margins here must be absolutely enormous. Software is buggy and requires constant updates just to fix basic issues.",2020-01-23,Samsung Galaxy S23 Review
amazon,Jabra Evolve2 85,3,"Performance degrades noticeably when multiple applications are running. 30+ hours of battery is not a marketing gimmick, it actually delivers every time. Balanced frequency response makes these great for all genres of music. Better options available for half the price if you look around a bit.",2020-12-26,Jabra Evolve2 85 Review
amazon,Sony WH-1000XM5,4,Compact foldable design makes it very easy to travel with anywhere. Battery management is smart and the drain is minimal even in high-usage modes.,2021-01-03,Sony WH-1000XM5 Review
amazon,Bose QuietComfort 45,3,"Built like a tank, feels like it will last for years with proper care. The sleek minimalist design looks absolutely premium and professional. The noise cancellation is best-in-class, blocks out absolutely everything around me. The premium price tag is simply not justified given the quality issues I experienced.",2023-02-05,Bose QuietComfort 45 Review
amazon,Sennheiser Momentum 4,4,"The sleek minimalist design looks absolutely premium and professional. Multipoint pairing is unreliable and switches devices completely unexpectedly. Performance in calls is excellent, colleagues always say my voice sounds clear. The weight is uncomfortable and causes noticeable neck fatigue during long use.",2020-03-15,Sennheiser Momentum 4 Review
amazon,Dell XPS 15,5,The color options are tasteful and the overall look is very refined and elegant. Bluetooth connection drops frequently and requires constant annoying reconnecting. Survived being dropped multiple times without any damage or rattles. Handles multitasking beautifully without any slowdowns or hiccups at all.,2024-09-24,Dell XPS 15 Review
amazon,Jabra Evolve2 85,5,"Battery life is much shorter than advertised, barely lasts 6 hours on a charge. Expensive upfront but the quality completely justifies the cost. The EQ preset options are severely limited and the default tuning is quite poor.",2022-07-10,Jabra Evolve2 85 Review
amazon,Sennheiser Momentum 4,4,"The detail retrieval is exceptional, I'm hearing things in songs I never noticed before. Ear cups are too small for larger ears and start to feel very painful over time. Survived being dropped multiple times without any damage or rattles.",2020-04-04,Sennheiser Momentum 4 Review
amazon,Apple AirPods Pro 2,2,"Bulky and unflattering design, makes you look ridiculous wearing them in public. Battery life is much shorter than advertised, barely lasts 6 hours on a charge.",2024-03-12,Apple AirPods Pro 2 Review
amazon,Jabra Evolve2 85,4,The ear cups are incredibly soft and I can wear these for hours without discomfort. Bluetooth connection drops frequently and requires constant annoying reconnecting.,2022-12-06,Jabra Evolve2 85 Review
amazon,Apple MacBook Pro 14,3,"NFC pairing is very hit or miss, sometimes works fine, sometimes just doesn't. The build quality feels cheap and plasticky for such a high price point. The ANC creates an uncomfortable pressure sensation that gives me headaches. Found these on sale and they're an absolute steal at that price point.",2021-12-28,Apple MacBook Pro 14 Review
amazon,Dell XPS 15,5,Expensive upfront but the quality completely justifies the cost. The cable port is already loose and connection issues started very early on. The ear cups are incredibly soft and I can wear these for hours without discomfort. Charged once and used them for three full days without needing a top-up.,2024-09-02,Dell XPS 15 Review
amazon,Sony WH-1000XM5,1,"The headband digs into my skull during longer listening sessions. NFC pairing is super convenient and just works perfectly every single time. Way too expensive for what you actually get, feels completely overpriced.",2024-11-20,Sony WH-1000XM5 Review
amazon,Samsung Galaxy S23,4,"Bass response is deep and satisfying without being muddy or overpowering at all. Performance in calls is excellent, colleagues always say my voice sounds clear. NFC pairing is very hit or miss, sometimes works fine, sometimes just doesn't.",2024-05-12,Samsung Galaxy S23 Review
amazon,Anker Soundcore Q45,4,"Premium price but you're paying for premium quality, absolutely no regrets. The hinge mechanism feels incredibly solid and the build quality is top notch. Handles multitasking beautifully without any slowdowns or hiccups at all.",2022-07-04,Anker Soundcore Q45 Review
amazon,Jabra Evolve2 85,4,"Compact foldable design makes it very easy to travel with anywhere. Balanced frequency response makes these great for all genres of music. Built like a tank, feels like it will last for years with proper care.",2022-12-01,Jabra Evolve2 85 Review
amazon,Samsung Galaxy S23,5,"Multipoint pairing works flawlessly between my laptop, phone, and tablet simultaneously. Compared to competitors, the price-to-performance ratio here is excellent. The processing is fast and responsive, no lag or latency issues whatsoever.",2020-11-06,Samsung Galaxy S23 Review
amazon,Samsung Galaxy S23,5,Found these on sale and they're an absolute steal at that price point. The quick charge feature is a lifesaver — 15 minutes gives several hours of playback. Six months of heavy daily use and it still looks and performs like brand new. The ANC algorithm is incredibly smart and adapts automatically to your environment.,2023-03-13,Samsung Galaxy S23 Review
amazon,Sony WH-1000XM5,4,"Expensive upfront but the quality completely justifies the cost. The sleek minimalist design looks absolutely premium and professional. Built like a tank, feels like it will last for years with proper care.",2022-03-29,Sony WH-1000XM5 Review
amazon,Sony WH-1000XM5,4,The EQ preset options are severely limited and the default tuning is quite poor. Bluetooth connection drops frequently and requires constant annoying reconnecting.,2023-05-15,Sony WH-1000XM5 Review
amazon,Beats Studio Pro,4,"The soundstage is wide and immersive, feels like you're at a live concert. Performance in calls is excellent, colleagues always say my voice sounds clear. Battery life is absolutely incredible, lasts way longer than advertised. Expensive upfront but the quality completely justifies the cost.",2020-07-28,Beats Studio Pro Review
amazon,Bose QuietComfort 45,4,Microphone quality on calls is poor and people consistently struggle to hear me. Balanced frequency response makes these great for all genres of music. The hinge cracked after just a few months of completely normal everyday use.,2024-09-18,Bose QuietComfort 45 Review
amazon,Sennheiser Momentum 4,4,"The standby drain is terrible, loses significant charge just sitting on the desk. The ANC algorithm is incredibly smart and adapts automatically to your environment. The wireless range is impressive, stays connected even from across the house. Six months of heavy daily use and it still looks and performs like brand new.",2024-08-25,Sennheiser Momentum 4 Review
amazon,Dell XPS 15,5,"The noise cancellation is best-in-class, blocks out absolutely everything around me. Perfect fit right out of the box, the padding is plush and luxurious. Bass response is deep and satisfying without being muddy or overpowering at all.",2021-10-08,Dell XPS 15 Review
amazon,Apple AirPods Pro 2,3,"The soundstage is wide and immersive, feels like you're at a live concert. Feels fragile and like it could break with any significant accidental impact.",2023-07-15,Apple AirPods Pro 2 Review
amazon,Dell XPS 15,1,"The cable port is already loose and connection issues started very early on. The battery drains surprisingly quickly even when the device is not in active use. The wireless range is poor, drops connection beyond just 10 feet away.",2021-11-19,Dell XPS 15 Review
amazon,Samsung Galaxy S23,5,"The processing is fast and responsive, no lag or latency issues whatsoever. Bluetooth pairing is instant and rock solid, never drops the connection. The audio quality is simply stunning, every instrument is crystal clear.",2023-09-05,Samsung Galaxy S23 Review
amazon,Samsung Galaxy S23,3,"Surprisingly comfortable even during long sessions, the headband doesn't dig in at all. Premium materials throughout, nothing feels cheap or plasticky whatsoever.",2022-02-07,Samsung Galaxy S23 Review
amazon,Samsung Galaxy S23,5,"Survived being dropped multiple times without any damage or rattles. Balanced frequency response makes these great for all genres of music. The noise cancellation is best-in-class, blocks out absolutely everything around me.",2024-09-21,Samsung Galaxy S23 Review
amazon,Sennheiser Momentum 4,1,The ear cushions started peeling and deteriorating within the first year. The premium price tag is simply not justified given the quality issues I experienced. Microphone quality on calls is poor and people consistently struggle to hear me.,2022-03-26,Sennheiser Momentum 4 Review
amazon,Anker Soundcore Q45,3,Audio quality at high volumes degrades noticeably and introduces distortion. The battery drains surprisingly quickly even when the device is not in active use. Compact foldable design makes it very easy to travel with anywhere. The ear cups are incredibly soft and I can wear these for hours without discomfort.,2023-10-30,Anker Soundcore Q45 Review
amazon,Apple AirPods Pro 2,4,The clamping force is way too tight and causes headaches after just an hour. Treble is harsh and fatiguing for extended listening sessions. Microphone quality on calls is poor and people consistently struggle to hear me.,2020-05-19,Apple AirPods Pro 2 Review
amazon,Sony WH-1000XM5,5,Survived being dropped multiple times without any damage or rattles. Compact foldable design makes it very easy to travel with anywhere. Handles multitasking beautifully without any slowdowns or hiccups at all. Battery management is smart and the drain is minimal even in high-usage modes.,2021-01-21,Sony WH-1000XM5 Review
amazon,Samsung Galaxy S23,5,"Bass response is deep and satisfying without being muddy or overpowering at all. Premium materials throughout, nothing feels cheap or plasticky whatsoever. The processing is fast and responsive, no lag or latency issues whatsoever. 30+ hours of battery is not a marketing gimmick, it actually delivers every time.",2020-10-06,Samsung Galaxy S23 Review
amazon,Sony WH-1000XM5,5,"NFC pairing is very hit or miss, sometimes works fine, sometimes just doesn't. Handles multitasking beautifully without any slowdowns or hiccups at all. I wore these on a 12-hour flight and my ears felt completely fine throughout.",2022-06-04,Sony WH-1000XM5 Review
amazon,Sony WH-1000XM5,5,"30+ hours of battery is not a marketing gimmick, it actually delivers every time. Expensive upfront but the quality completely justifies the cost.",2021-12-26,Sony WH-1000XM5 Review
amazon,Jabra Evolve2 85,4,The clamping force is way too tight and causes headaches after just an hour. Audio quality at high volumes degrades noticeably and introduces distortion.,2023-04-26,Jabra Evolve2 85 Review
amazon,Sony WH-1000XM5,4,"NFC pairing is super convenient and just works perfectly every single time. The EQ preset options are severely limited and the default tuning is quite poor. 30+ hours of battery is not a marketing gimmick, it actually delivers every time.",2024-02-17,Sony WH-1000XM5 Review
amazon,Sennheiser Momentum 4,4,"USB-C connectivity is a huge plus for both charging and wired use. Built like a tank, feels like it will last for years with proper care. The clamping force is way too tight and causes headaches after just an hour.",2021-05-19,Sennheiser Momentum 4 Review
amazon,Beats Studio Pro,1,"Bulky and unflattering design, makes you look ridiculous wearing them in public. The ear cushions started peeling and deteriorating within the first year.",2021-09-28,Beats Studio Pro Review
amazon,Samsung Galaxy S23,4,"Handles multitasking beautifully without any slowdowns or hiccups at all. Multipoint pairing works flawlessly between my laptop, phone, and tablet simultaneously.",2022-08-01,Samsung Galaxy S23 Review
amazon,Dell XPS 15,5,"Battery management is smart and the drain is minimal even in high-usage modes. Handles multitasking beautifully without any slowdowns or hiccups at all. Premium price but you're paying for premium quality, absolutely no regrets.",2023-06-17,Dell XPS 15 Review
amazon,Apple AirPods Pro 2,5,The ear cups are incredibly soft and I can wear these for hours without discomfort. The ANC creates an uncomfortable pressure sensation that gives me headaches.,2024-04-11,Apple AirPods Pro 2 Review
amazon,Beats Studio Pro,4,Not worth the premium when budget alternatives perform remarkably similarly. The quick charge feature is a lifesaver — 15 minutes gives several hours of playback. The matte finish resists fingerprints and looks clean all day long. Multipoint pairing is unreliable and switches devices completely unexpectedly.,2021-03-26,Beats Studio Pro Review
amazon,Sony WH-1000XM5,4,"Battery health degrades noticeably after just a few months of normal use. NFC pairing is super convenient and just works perfectly every single time. Built like a tank, feels like it will last for years with proper care. Better options available for half the price if you look around a bit.",2021-11-29,Sony WH-1000XM5 Review
amazon,Sony WH-1000XM5,3,"Battery life is absolutely incredible, lasts way longer than advertised. Microphone quality on calls is poor and people consistently struggle to hear me. Balanced frequency response makes these great for all genres of music. Way too expensive for what you actually get, feels completely overpriced.",2020-10-25,Sony WH-1000XM5 Review
amazon,Samsung Galaxy S23,5,"The wireless range is impressive, stays connected even from across the house. Battery life is absolutely incredible, lasts way longer than advertised. The ANC algorithm is incredibly smart and adapts automatically to your environment.",2021-09-26,Samsung Galaxy S23 Review
amazon,Beats Studio Pro,3,The hinge cracked after just a few months of completely normal everyday use. The color options are tasteful and the overall look is very refined and elegant. USB-C connectivity is a huge plus for both charging and wired use.,2024-09-13,Beats Studio Pro Review
amazon,Jabra Evolve2 85,5,The color options are tasteful and the overall look is very refined and elegant. The ergonomic design makes these feel almost weightless on my head.,2021-08-16,Jabra Evolve2 85 Review
amazon,Apple MacBook Pro 14,3,"Premium price but you're paying for premium quality, absolutely no regrets. After two hours my ears get hot and sweaty from the overly tight seal. 30+ hours of battery is not a marketing gimmick, it actually delivers every time. Multipoint pairing works flawlessly between my laptop, phone, and tablet simultaneously.",2020-01-11,Apple MacBook Pro 14 Review
amazon,Apple MacBook Pro 14,4,"Performance degrades noticeably when multiple applications are running. Multipoint pairing works flawlessly between my laptop, phone, and tablet simultaneously.",2021-05-26,Apple MacBook Pro 14 Review
amazon,Sennheiser Momentum 4,3,"Worth every single penny, the value you get is truly outstanding. After two hours my ears get hot and sweaty from the overly tight seal.",2022-04-14,Sennheiser Momentum 4 Review
amazon,Anker Soundcore Q45,4,"Aesthetics are gorgeous, gets compliments everywhere I use them. Pairing process is overly complicated and genuinely frustrating to set up initially.",2022-03-10,Anker Soundcore Q45 Review
amazon,Beats Studio Pro,5,"Bluetooth connection drops frequently and requires constant annoying reconnecting. Six months of heavy daily use and it still looks and performs like brand new. Perfect fit right out of the box, the padding is plush and luxurious. 30+ hours of battery is not a marketing gimmick, it actually delivers every time.",2024-06-04,Beats Studio Pro Review
amazon,Sennheiser Momentum 4,3,The battery drains surprisingly quickly even when the device is not in active use. I wore these on a 12-hour flight and my ears felt completely fine throughout.,2024-06-09,Sennheiser Momentum 4 Review
amazon,Bose QuietComfort 45,2,"Multipoint pairing is unreliable and switches devices completely unexpectedly. Software is buggy and requires constant updates just to fix basic issues. Battery life is much shorter than advertised, barely lasts 6 hours on a charge.",2020-08-27,Bose QuietComfort 45 Review
amazon,Apple MacBook Pro 14,5,Expensive upfront but the quality completely justifies the cost. Treble is harsh and fatiguing for extended listening sessions.,2023-08-18,Apple MacBook Pro 14 Review
amazon,Jabra Evolve2 85,4,Survived being dropped multiple times without any damage or rattles. Ear cups are too small for larger ears and start to feel very painful over time.,2023-12-01,Jabra Evolve2 85 Review
amazon,Sony WH-1000XM5,3,"Expensive upfront but the quality completely justifies the cost. The wireless range is impressive, stays connected even from across the house.",2024-05-16,Sony WH-1000XM5 Review
amazon,Apple MacBook Pro 14,5,"Multipoint pairing works flawlessly between my laptop, phone, and tablet simultaneously. Feels fragile and like it could break with any significant accidental impact. Worth every single penny, the value you get is truly outstanding.",2024-05-14,Apple MacBook Pro 14 Review
amazon,Sony WH-1000XM5,4,Expensive upfront but the quality completely justifies the cost. Bass response is deep and satisfying without being muddy or overpowering at all. I wore these on a 12-hour flight and my ears felt completely fine throughout.,2024-12-23,Sony WH-1000XM5 Review
amazon,Samsung Galaxy S23,5,The ANC creates an uncomfortable pressure sensation that gives me headaches. The EQ preset options are severely limited and the default tuning is quite poor. I wore these on a 12-hour flight and my ears felt completely fine throughout. Survived being dropped multiple times without any damage or rattles.,2023-06-01,Samsung Galaxy S23 Review
amazon,Sennheiser Momentum 4,3,After two hours my ears get hot and sweaty from the overly tight seal. Better options available for half the price if you look around a bit. Balanced frequency response makes these great for all genres of music.,2020-04-26,Sennheiser Momentum 4 Review
amazon,Bose QuietComfort 45,5,Treble is harsh and fatiguing for extended listening sessions. NFC pairing is super convenient and just works perfectly every single time.,2023-02-17,Bose QuietComfort 45 Review
amazon,Sennheiser Momentum 4,2,The build quality feels cheap and plasticky for such a high price point. Microphone quality on calls is poor and people consistently struggle to hear me.,2021-10-03,Sennheiser Momentum 4 Review
amazon,Sennheiser Momentum 4,3,The ear cups are incredibly soft and I can wear these for hours without discomfort. Expensive upfront but the quality completely justifies the cost. Microphone quality on calls is poor and people consistently struggle to hear me.,2024-08-07,Sennheiser Momentum 4 Review
amazon,Bose QuietComfort 45,5,"Surprisingly comfortable even during long sessions, the headband doesn't dig in at all. Aesthetics are gorgeous, gets compliments everywhere I use them.",2020-02-17,Bose QuietComfort 45 Review
amazon,Jabra Evolve2 85,3,The hinge mechanism feels incredibly solid and the build quality is top notch. The ANC algorithm is incredibly smart and adapts automatically to your environment. Compact foldable design makes it very easy to travel with anywhere. Not worth the premium when budget alternatives perform remarkably similarly.,2022-02-19,Jabra Evolve2 85 Review
amazon,Sennheiser Momentum 4,4,"Battery life is absolutely incredible, lasts way longer than advertised. Handles multitasking beautifully without any slowdowns or hiccups at all. Bluetooth pairing is instant and rock solid, never drops the connection. Six months of heavy daily use and it still looks and performs like brand new.",2020-10-13,Sennheiser Momentum 4 Review
amazon,Jabra Evolve2 85,4,Bluetooth connection drops frequently and requires constant annoying reconnecting. Charging takes way too long compared to what competitors are offering. The folding mechanism feels quite flimsy and I worry about long-term reliability.,2021-10-31,Jabra Evolve2 85 Review
amazon,Apple AirPods Pro 2,2,"Handles multitasking beautifully without any slowdowns or hiccups at all. Charged once and used them for three full days without needing a top-up. NFC pairing is very hit or miss, sometimes works fine, sometimes just doesn't. Treble is harsh and fatiguing for extended listening sessions.",2023-11-16,Apple AirPods Pro 2 Review
amazon,Anker Soundcore Q45,5,"Surprisingly comfortable even during long sessions, the headband doesn't dig in at all. Expensive upfront but the quality completely justifies the cost. Balanced frequency response makes these great for all genres of music. The sleek minimalist design looks absolutely premium and professional.",2020-05-25,Anker Soundcore Q45 Review
amazon,Jabra Evolve2 85,2,"The build quality feels cheap and plasticky for such a high price point. Pairing process is overly complicated and genuinely frustrating to set up initially. Worth every single penny, the value you get is truly outstanding. Ear cups are too small for larger ears and start to feel very painful over time.",2020-01-07,Jabra Evolve2 85 Review
amazon,Dell XPS 15,3,"Ear cups are too small for larger ears and start to feel very painful over time. Premium price but you're paying for premium quality, absolutely no regrets. Multipoint pairing is unreliable and switches devices completely unexpectedly. The soundstage is wide and immersive, feels like you're at a live concert.",2021-12-26,Dell XPS 15 Review
amazon,Jabra Evolve2 85,5,"The soundstage is wide and immersive, feels like you're at a live concert. Not worth the premium when budget alternatives perform remarkably similarly. Built like a tank, feels like it will last for years with proper care.",2024-09-10,Jabra Evolve2 85 Review
amazon,Sennheiser Momentum 4,3,"The standby drain is terrible, loses significant charge just sitting on the desk. Expensive upfront but the quality completely justifies the cost. Multipoint pairing works flawlessly between my laptop, phone, and tablet simultaneously.",2024-12-25,Sennheiser Momentum 4 Review
amazon,Sennheiser Momentum 4,4,"Performance degrades noticeably when multiple applications are running. Surprisingly comfortable even during long sessions, the headband doesn't dig in at all. Audio quality at high volumes degrades noticeably and introduces distortion.",2023-01-23,Sennheiser Momentum 4 Review
amazon,Dell XPS 15,5,"The ear cups are incredibly soft and I can wear these for hours without discomfort. The audio quality is simply stunning, every instrument is crystal clear. Premium materials throughout, nothing feels cheap or plasticky whatsoever.",2021-10-05,Dell XPS 15 Review
amazon,Samsung Galaxy S23,3,"Surprisingly comfortable even during long sessions, the headband doesn't dig in at all. Expensive upfront but the quality completely justifies the cost. Multipoint pairing works flawlessly between my laptop, phone, and tablet simultaneously. Audio quality at high volumes degrades noticeably and introduces distortion.",2020-04-24,Samsung Galaxy S23 Review
amazon,Sennheiser Momentum 4,4,"Six months of heavy daily use and it still looks and performs like brand new. 30+ hours of battery is not a marketing gimmick, it actually delivers every time. The ear cups are incredibly soft and I can wear these for hours without discomfort.",2022-02-16,Sennheiser Momentum 4 Review
amazon,Samsung Galaxy S23,5,After two hours my ears get hot and sweaty from the overly tight seal. The hinge mechanism feels incredibly solid and the build quality is top notch.,2024-11-06,Samsung Galaxy S23 Review
amazon,Apple AirPods Pro 2,5,"The ear cups are incredibly soft and I can wear these for hours without discomfort. Compact foldable design makes it very easy to travel with anywhere. Worth every single penny, the value you get is truly outstanding. Premium materials throughout, nothing feels cheap or plasticky whatsoever.",2021-06-14,Apple AirPods Pro 2 Review
amazon,Jabra Evolve2 85,5,"Bluetooth connection drops frequently and requires constant annoying reconnecting. Premium materials throughout, nothing feels cheap or plasticky whatsoever. 30+ hours of battery is not a marketing gimmick, it actually delivers every time. Handles multitasking beautifully without any slowdowns or hiccups at all.",2022-12-17,Jabra Evolve2 85 Review
amazon,Sony WH-1000XM5,3,Balanced frequency response makes these great for all genres of music. Better options available for half the price if you look around a bit.,2022-10-20,Sony WH-1000XM5 Review
amazon,Apple MacBook Pro 14,4,"Battery management is smart and the drain is minimal even in high-usage modes. The processing is fast and responsive, no lag or latency issues whatsoever. The clamping force is way too tight and causes headaches after just an hour.",2022-05-27,Apple MacBook Pro 14 Review
amazon,Anker Soundcore Q45,4,"The ergonomic design makes these feel almost weightless on my head. The processing is fast and responsive, no lag or latency issues whatsoever. Aesthetics are gorgeous, gets compliments everywhere I use them. The build quality feels cheap and plasticky for such a high price point.",2023-07-16,Anker Soundcore Q45 Review
amazon,Sony WH-1000XM5,4,"Surprisingly comfortable even during long sessions, the headband doesn't dig in at all. NFC pairing is very hit or miss, sometimes works fine, sometimes just doesn't. Premium materials throughout, nothing feels cheap or plasticky whatsoever.",2021-04-17,Sony WH-1000XM5 Review
amazon,Jabra Evolve2 85,5,"Compared to competitors, the price-to-performance ratio here is excellent. The color options are tasteful and the overall look is very refined and elegant. I wore these on a 12-hour flight and my ears felt completely fine throughout.",2020-09-06,Jabra Evolve2 85 Review
amazon,Anker Soundcore Q45,5,"Battery life is absolutely incredible, lasts way longer than advertised. Bass response is deep and satisfying without being muddy or overpowering at all.",2020-04-28,Anker Soundcore Q45 Review
amazon,Jabra Evolve2 85,4,"Aesthetics are gorgeous, gets compliments everywhere I use them. The soundstage is wide and immersive, feels like you're at a live concert.",2021-04-03,Jabra Evolve2 85 Review
amazon,Dell XPS 15,4,The premium price tag is simply not justified given the quality issues I experienced. Survived being dropped multiple times without any damage or rattles. Charging takes way too long compared to what competitors are offering.,2020-10-20,Dell XPS 15 Review
amazon,Apple AirPods Pro 2,4,"The hinge mechanism feels incredibly solid and the build quality is top notch. The audio quality is simply stunning, every instrument is crystal clear. USB-C connectivity is a huge plus for both charging and wired use.",2020-11-22,Apple AirPods Pro 2 Review
amazon,Jabra Evolve2 85,5,"Six months of heavy daily use and it still looks and performs like brand new. Multipoint pairing works flawlessly between my laptop, phone, and tablet simultaneously. The soundstage is wide and immersive, feels like you're at a live concert. Found these on sale and they're an absolute steal at that price point.",2023-11-02,Jabra Evolve2 85 Review
amazon,Sennheiser Momentum 4,2,Battery health degrades noticeably after just a few months of normal use. The ear cushions started peeling and deteriorating within the first year.,2020-10-01,Sennheiser Momentum 4 Review
amazon,Dell XPS 15,3,"The ANC algorithm is incredibly smart and adapts automatically to your environment. Bulky and unflattering design, makes you look ridiculous wearing them in public. The battery drains surprisingly quickly even when the device is not in active use. Price gouging at its finest, the margins here must be absolutely enormous.",2023-02-06,Dell XPS 15 Review
amazon,Jabra Evolve2 85,5,"Price gouging at its finest, the margins here must be absolutely enormous. Premium materials throughout, nothing feels cheap or plasticky whatsoever. NFC pairing is very hit or miss, sometimes works fine, sometimes just doesn't.",2021-11-24,Jabra Evolve2 85 Review
amazon,Dell XPS 15,5,"The ANC algorithm is incredibly smart and adapts automatically to your environment. Bluetooth pairing is instant and rock solid, never drops the connection. Built like a tank, feels like it will last for years with proper care. Balanced frequency response makes these great for all genres of music.",2021-08-03,Dell XPS 15 Review
amazon,Bose QuietComfort 45,5,"Better options available for half the price if you look around a bit. Bluetooth pairing is instant and rock solid, never drops the connection.",2021-08-25,Bose QuietComfort 45 Review
amazon,Beats Studio Pro,4,"The ear cups are incredibly soft and I can wear these for hours without discomfort. Price gouging at its finest, the margins here must be absolutely enormous. NFC pairing is super convenient and just works perfectly every single time. The matte finish resists fingerprints and looks clean all day long.",2020-11-13,Beats Studio Pro Review
amazon,Sony WH-1000XM5,4,"The matte finish resists fingerprints and looks clean all day long. Performance in calls is excellent, colleagues always say my voice sounds clear. Charged once and used them for three full days without needing a top-up.",2020-06-21,Sony WH-1000XM5 Review
amazon,Sennheiser Momentum 4,4,The ANC algorithm is incredibly smart and adapts automatically to your environment. The ergonomic design makes these feel almost weightless on my head.,2020-05-12,Sennheiser Momentum 4 Review
amazon,Dell XPS 15,4,"The premium price tag is simply not justified given the quality issues I experienced. Aesthetics are gorgeous, gets compliments everywhere I use them. Treble is harsh and fatiguing for extended listening sessions. Performance in calls is excellent, colleagues always say my voice sounds clear.",2023-11-06,Dell XPS 15 Review
amazon,Anker Soundcore Q45,5,"The ear cups are incredibly soft and I can wear these for hours without discomfort. The wireless range is impressive, stays connected even from across the house. The color options are tasteful and the overall look is very refined and elegant.",2022-04-05,Anker Soundcore Q45 Review
amazon,Apple AirPods Pro 2,3,"Treble is harsh and fatiguing for extended listening sessions. The standby drain is terrible, loses significant charge just sitting on the desk. Bluetooth connection drops frequently and requires constant annoying reconnecting.",2020-11-01,Apple AirPods Pro 2 Review
amazon,Samsung Galaxy S23,5,"The bass is completely overpowering and muddy, drowning out the mids and highs. The noise cancellation is best-in-class, blocks out absolutely everything around me.",2022-02-28,Samsung Galaxy S23 Review
amazon,Apple MacBook Pro 14,4,"The wireless range is poor, drops connection beyond just 10 feet away. Battery health degrades noticeably after just a few months of normal use. I wore these on a 12-hour flight and my ears felt completely fine throughout. The audio quality is simply stunning, every instrument is crystal clear.",2020-04-08,Apple MacBook Pro 14 Review
amazon,Sennheiser Momentum 4,5,Battery health degrades noticeably after just a few months of normal use. USB-C connectivity is a huge plus for both charging and wired use. Expensive upfront but the quality completely justifies the cost. The ear cups are incredibly soft and I can wear these for hours without discomfort.,2022-04-25,Sennheiser Momentum 4 Review
amazon,Apple AirPods Pro 2,4,The weight is uncomfortable and causes noticeable neck fatigue during long use. The hinge cracked after just a few months of completely normal everyday use. Not worth the premium when budget alternatives perform remarkably similarly.,2021-12-20,Apple AirPods Pro 2 Review
amazon,Beats Studio Pro,4,"NFC pairing is super convenient and just works perfectly every single time. The ergonomic design makes these feel almost weightless on my head. Price gouging at its finest, the margins here must be absolutely enormous. The folding mechanism feels quite flimsy and I worry about long-term reliability.",2021-10-15,Beats Studio Pro Review
amazon,Jabra Evolve2 85,3,"The wireless range is impressive, stays connected even from across the house. The folding mechanism feels quite flimsy and I worry about long-term reliability. Expensive upfront but the quality completely justifies the cost.",2024-09-14,Jabra Evolve2 85 Review
amazon,Jabra Evolve2 85,4,"Bass response is deep and satisfying without being muddy or overpowering at all. Built like a tank, feels like it will last for years with proper care.",2021-11-23,Jabra Evolve2 85 Review
amazon,Bose QuietComfort 45,5,"Aesthetics are gorgeous, gets compliments everywhere I use them. Multipoint pairing works flawlessly between my laptop, phone, and tablet simultaneously.",2021-05-12,Bose QuietComfort 45 Review
amazon,Beats Studio Pro,5,"The wireless range is impressive, stays connected even from across the house. Built like a tank, feels like it will last for years with proper care. Balanced frequency response makes these great for all genres of music.",2020-07-31,Beats Studio Pro Review
amazon,Sony WH-1000XM5,3,"The ear cushions started peeling and deteriorating within the first year. Worth every single penny, the value you get is truly outstanding. After two hours my ears get hot and sweaty from the overly tight seal. Battery health degrades noticeably after just a few months of normal use.",2022-02-27,Sony WH-1000XM5 Review
amazon,Bose QuietComfort 45,4,"The soundstage feels narrow and closed-in, lacks depth and spatial awareness. Microphone quality on calls is poor and people consistently struggle to hear me. The design looks dated and generic compared to virtually all the competition.",2023-06-23,Bose QuietComfort 45 Review
amazon,Apple MacBook Pro 14,5,"Compact foldable design makes it very easy to travel with anywhere. The audio quality is simply stunning, every instrument is crystal clear. Expensive upfront but the quality completely justifies the cost.",2024-07-10,Apple MacBook Pro 14 Review
amazon,Jabra Evolve2 85,4,"The hinge mechanism feels incredibly solid and the build quality is top notch. Surprisingly comfortable even during long sessions, the headband doesn't dig in at all.",2024-12-04,Jabra Evolve2 85 Review
amazon,Anker Soundcore Q45,3,"Charging takes way too long compared to what competitors are offering. The processing is fast and responsive, no lag or latency issues whatsoever. Balanced frequency response makes these great for all genres of music. I wore these on a 12-hour flight and my ears felt completely fine throughout.",2024-02-20,Anker Soundcore Q45 Review
amazon,Dell XPS 15,4,"The ANC algorithm is incredibly smart and adapts automatically to your environment. The glossy finish is a constant fingerprint magnet and looks dirty all the time. Multipoint pairing works flawlessly between my laptop, phone, and tablet simultaneously.",2023-03-20,Dell XPS 15 Review
amazon,Bose QuietComfort 45,5,"The processing is fast and responsive, no lag or latency issues whatsoever. 30+ hours of battery is not a marketing gimmick, it actually delivers every time. The audio quality is simply stunning, every instrument is crystal clear.",2020-12-13,Bose QuietComfort 45 Review
amazon,Samsung Galaxy S23,3,The glossy finish is a constant fingerprint magnet and looks dirty all the time. Found these on sale and they're an absolute steal at that price point.,2022-05-24,Samsung Galaxy S23 Review
amazon,Sennheiser Momentum 4,5,"Premium materials throughout, nothing feels cheap or plasticky whatsoever. The audio quality is simply stunning, every instrument is crystal clear. The matte finish resists fingerprints and looks clean all day long.",2020-01-29,Sennheiser Momentum 4 Review
amazon,Sony WH-1000XM5,3,"Survived being dropped multiple times without any damage or rattles. The detail retrieval is exceptional, I'm hearing things in songs I never noticed before. The design looks dated and generic compared to virtually all the competition.",2024-07-09,Sony WH-1000XM5 Review
amazon,Apple MacBook Pro 14,5,"The color options are boring and completely uninspired, needs far more variety. Found these on sale and they're an absolute steal at that price point.",2020-11-22,Apple MacBook Pro 14 Review
amazon,Beats Studio Pro,5,"Premium materials throughout, nothing feels cheap or plasticky whatsoever. Better options available for half the price if you look around a bit. USB-C connectivity is a huge plus for both charging and wired use. Perfect fit right out of the box, the padding is plush and luxurious.",2023-05-14,Beats Studio Pro Review
amazon,Apple AirPods Pro 2,1,The design looks dated and generic compared to virtually all the competition. Bluetooth connection drops frequently and requires constant annoying reconnecting. The premium price tag is simply not justified given the quality issues I experienced.,2021-04-11,Apple AirPods Pro 2 Review
amazon,Sony WH-1000XM5,4,Performance degrades noticeably when multiple applications are running. Battery management is smart and the drain is minimal even in high-usage modes. The build quality feels cheap and plasticky for such a high price point.,2020-02-18,Sony WH-1000XM5 Review
amazon,Anker Soundcore Q45,4,"30+ hours of battery is not a marketing gimmick, it actually delivers every time. Built like a tank, feels like it will last for years with proper care. Compact foldable design makes it very easy to travel with anywhere.",2022-02-28,Anker Soundcore Q45 Review
amazon,Bose QuietComfort 45,2,"The noise cancellation is best-in-class, blocks out absolutely everything around me. Ear cups are too small for larger ears and start to feel very painful over time. The hinge cracked after just a few months of completely normal everyday use. Way too expensive for what you actually get, feels completely overpriced.",2023-01-17,Bose QuietComfort 45 Review
amazon,Bose QuietComfort 45,4,"Aesthetics are gorgeous, gets compliments everywhere I use them. Perfect fit right out of the box, the padding is plush and luxurious. Compared to competitors, the price-to-performance ratio here is excellent.",2024-07-11,Bose QuietComfort 45 Review
amazon,Apple MacBook Pro 14,4,Expensive upfront but the quality completely justifies the cost. The sleek minimalist design looks absolutely premium and professional.,2023-09-07,Apple MacBook Pro 14 Review
amazon,Samsung Galaxy S23,5,I wore these on a 12-hour flight and my ears felt completely fine throughout. Compact foldable design makes it very easy to travel with anywhere. Feels fragile and like it could break with any significant accidental impact.,2024-04-25,Samsung Galaxy S23 Review
amazon,Beats Studio Pro,4,"The audio quality is simply stunning, every instrument is crystal clear. 30+ hours of battery is not a marketing gimmick, it actually delivers every time. Multipoint pairing works flawlessly between my laptop, phone, and tablet simultaneously.",2020-03-12,Beats Studio Pro Review
amazon,Beats Studio Pro,5,"Bluetooth pairing is instant and rock solid, never drops the connection. The weight is uncomfortable and causes noticeable neck fatigue during long use. The ANC algorithm is incredibly smart and adapts automatically to your environment.",2022-12-10,Beats Studio Pro Review
amazon,Dell XPS 15,4,"Survived being dropped multiple times without any damage or rattles. The wireless range is poor, drops connection beyond just 10 feet away. Battery management is smart and the drain is minimal even in high-usage modes. Not worth the premium when budget alternatives perform remarkably similarly.",2022-03-29,Dell XPS 15 Review
amazon,Apple MacBook Pro 14,3,"NFC pairing is super convenient and just works perfectly every single time. Bass response is deep and satisfying without being muddy or overpowering at all. Premium materials throughout, nothing feels cheap or plasticky whatsoever.",2020-04-24,Apple MacBook Pro 14 Review
amazon,Sony WH-1000XM5,4,"The noise cancellation is best-in-class, blocks out absolutely everything around me. I wore these on a 12-hour flight and my ears felt completely fine throughout. The color options are tasteful and the overall look is very refined and elegant. The quick charge feature is a lifesaver — 15 minutes gives several hours of playback.",2020-09-19,Sony WH-1000XM5 Review
amazon,Bose QuietComfort 45,4,"The weight is uncomfortable and causes noticeable neck fatigue during long use. The color options are boring and completely uninspired, needs far more variety. The EQ preset options are severely limited and the default tuning is quite poor. Found these on sale and they're an absolute steal at that price point.",2023-07-20,Bose QuietComfort 45 Review
amazon,Apple MacBook Pro 14,5,"The color options are boring and completely uninspired, needs far more variety. Balanced frequency response makes these great for all genres of music. Worth every single penny, the value you get is truly outstanding. The ergonomic design makes these feel almost weightless on my head.",2022-07-01,Apple MacBook Pro 14 Review
amazon,Apple MacBook Pro 14,5,"The processing is fast and responsive, no lag or latency issues whatsoever. Audio quality at high volumes degrades noticeably and introduces distortion. The hinge mechanism feels incredibly solid and the build quality is top notch.",2022-11-26,Apple MacBook Pro 14 Review
amazon,Sony WH-1000XM5,5,Feels fragile and like it could break with any significant accidental impact. Expensive upfront but the quality completely justifies the cost. Bluetooth connection drops frequently and requires constant annoying reconnecting. The quick charge feature is a lifesaver — 15 minutes gives several hours of playback.,2024-07-05,Sony WH-1000XM5 Review
amazon,Beats Studio Pro,4,Found these on sale and they're an absolute steal at that price point. After two hours my ears get hot and sweaty from the overly tight seal.,2020-07-12,Beats Studio Pro Review
amazon,Dell XPS 15,5,"USB-C connectivity is a huge plus for both charging and wired use. Bass response is deep and satisfying without being muddy or overpowering at all. 30+ hours of battery is not a marketing gimmick, it actually delivers every time.",2021-08-07,Dell XPS 15 Review
amazon,Samsung Galaxy S23,1,The EQ preset options are severely limited and the default tuning is quite poor. Better options available for half the price if you look around a bit.,2022-04-04,Samsung Galaxy S23 Review
amazon,Dell XPS 15,4,"The ear cups are incredibly soft and I can wear these for hours without discomfort. NFC pairing is very hit or miss, sometimes works fine, sometimes just doesn't.",2022-06-26,Dell XPS 15 Review
amazon,Dell XPS 15,2,"NFC pairing is very hit or miss, sometimes works fine, sometimes just doesn't. Compared to competitors, the price-to-performance ratio here is excellent.",2024-07-15,Dell XPS 15 Review
amazon,Samsung Galaxy S23,5,"Survived being dropped multiple times without any damage or rattles. Performance in calls is excellent, colleagues always say my voice sounds clear.",2021-02-01,Samsung Galaxy S23 Review
amazon,Apple AirPods Pro 2,4,"Performance degrades noticeably when multiple applications are running. Found these on sale and they're an absolute steal at that price point. The wireless range is impressive, stays connected even from across the house.",2020-03-03,Apple AirPods Pro 2 Review
amazon,Dell XPS 15,2,"Audio quality at high volumes degrades noticeably and introduces distortion. Bulky and unflattering design, makes you look ridiculous wearing them in public.",2024-03-05,Dell XPS 15 Review
amazon,Sony WH-1000XM5,5,Charging takes way too long compared to what competitors are offering. The matte finish resists fingerprints and looks clean all day long. Handles multitasking beautifully without any slowdowns or hiccups at all.,2021-07-04,Sony WH-1000XM5 Review
amazon,Sennheiser Momentum 4,5,"The ANC creates an uncomfortable pressure sensation that gives me headaches. Battery life is absolutely incredible, lasts way longer than advertised. The glossy finish is a constant fingerprint magnet and looks dirty all the time.",2021-04-30,Sennheiser Momentum 4 Review
amazon,Sennheiser Momentum 4,4,"Multipoint pairing works flawlessly between my laptop, phone, and tablet simultaneously. The matte finish resists fingerprints and looks clean all day long. The ergonomic design makes these feel almost weightless on my head.",2020-06-09,Sennheiser Momentum 4 Review
amazon,Apple MacBook Pro 14,5,"USB-C connectivity is a huge plus for both charging and wired use. Aesthetics are gorgeous, gets compliments everywhere I use them. Six months of heavy daily use and it still looks and performs like brand new. Battery management is smart and the drain is minimal even in high-usage modes.",2023-07-17,Apple MacBook Pro 14 Review
amazon,Bose QuietComfort 45,5,I wore these on a 12-hour flight and my ears felt completely fine throughout. Charged once and used them for three full days without needing a top-up.,2022-01-17,Bose QuietComfort 45 Review
amazon,Dell XPS 15,4,USB-C connectivity is a huge plus for both charging and wired use. Not worth the premium when budget alternatives perform remarkably similarly. Software is buggy and requires constant updates just to fix basic issues.,2023-12-12,Dell XPS 15 Review
amazon,Samsung Galaxy S23,3,"Ear cups are too small for larger ears and start to feel very painful over time. Multipoint pairing works flawlessly between my laptop, phone, and tablet simultaneously.",2023-11-26,Samsung Galaxy S23 Review
amazon,Apple AirPods Pro 2,5,"The battery drains surprisingly quickly even when the device is not in active use. The ear cups are incredibly soft and I can wear these for hours without discomfort. Compact foldable design makes it very easy to travel with anywhere. Worth every single penny, the value you get is truly outstanding.",2023-02-09,Apple AirPods Pro 2 Review
amazon,Sony WH-1000XM5,5,"Aesthetics are gorgeous, gets compliments everywhere I use them. Surprisingly comfortable even during long sessions, the headband doesn't dig in at all. Found these on sale and they're an absolute steal at that price point. NFC pairing is super convenient and just works perfectly every single time.",2022-08-10,Sony WH-1000XM5 Review
amazon,Anker Soundcore Q45,3,"Bluetooth pairing is instant and rock solid, never drops the connection. The ear cushions started peeling and deteriorating within the first year. Compact foldable design makes it very easy to travel with anywhere. The battery drains surprisingly quickly even when the device is not in active use.",2021-09-26,Anker Soundcore Q45 Review
amazon,Anker Soundcore Q45,3,"I wore these on a 12-hour flight and my ears felt completely fine throughout. Pairing process is overly complicated and genuinely frustrating to set up initially. Compared to competitors, the price-to-performance ratio here is excellent.",2024-06-15,Anker Soundcore Q45 Review
amazon,Samsung Galaxy S23,4,"Bluetooth pairing is instant and rock solid, never drops the connection. The processing is fast and responsive, no lag or latency issues whatsoever. The hinge mechanism feels incredibly solid and the build quality is top notch. The ear cups are incredibly soft and I can wear these for hours without discomfort.",2021-09-26,Samsung Galaxy S23 Review
amazon,Apple MacBook Pro 14,5,"The noise cancellation is quite underwhelming and lets in a lot of ambient sound. Bluetooth pairing is instant and rock solid, never drops the connection. Battery management is smart and the drain is minimal even in high-usage modes.",2023-07-20,Apple MacBook Pro 14 Review
amazon,Apple MacBook Pro 14,3,After two hours my ears get hot and sweaty from the overly tight seal. The battery drains surprisingly quickly even when the device is not in active use.,2022-04-10,Apple MacBook Pro 14 Review
amazon,Samsung Galaxy S23,5,The color options are tasteful and the overall look is very refined and elegant. The ear cups are incredibly soft and I can wear these for hours without discomfort.,2023-01-09,Samsung Galaxy S23 Review
amazon,Sony WH-1000XM5,2,The hinge mechanism feels incredibly solid and the build quality is top notch. Audio quality at high volumes degrades noticeably and introduces distortion.,2024-10-26,Sony WH-1000XM5 Review
amazon,Sony WH-1000XM5,2,"The detail retrieval is exceptional, I'm hearing things in songs I never noticed before. Ear cups are too small for larger ears and start to feel very painful over time. Bluetooth pairing is instant and rock solid, never drops the connection.",2022-11-06,Sony WH-1000XM5 Review
amazon,Apple AirPods Pro 2,5,"Premium price but you're paying for premium quality, absolutely no regrets. The soundstage is wide and immersive, feels like you're at a live concert.",2021-03-10,Apple AirPods Pro 2 Review
amazon,Anker Soundcore Q45,1,After two hours my ears get hot and sweaty from the overly tight seal. Not worth the premium when budget alternatives perform remarkably similarly.,2022-09-01,Anker Soundcore Q45 Review
amazon,Sennheiser Momentum 4,5,"The glossy finish is a constant fingerprint magnet and looks dirty all the time. Compared to competitors, the price-to-performance ratio here is excellent. Bluetooth pairing is instant and rock solid, never drops the connection. Balanced frequency response makes these great for all genres of music.",2021-04-12,Sennheiser Momentum 4 Review
amazon,Sennheiser Momentum 4,5,Audio quality at high volumes degrades noticeably and introduces distortion. Compact foldable design makes it very easy to travel with anywhere.,2024-04-01,Sennheiser Momentum 4 Review
amazon,Beats Studio Pro,5,"Premium materials throughout, nothing feels cheap or plasticky whatsoever. Battery life is much shorter than advertised, barely lasts 6 hours on a charge.",2022-05-29,Beats Studio Pro Review
amazon,Anker Soundcore Q45,4,The ear cushions started peeling and deteriorating within the first year. Compact foldable design makes it very easy to travel with anywhere.,2024-11-18,Anker Soundcore Q45 Review
amazon,Sony WH-1000XM5,5,"The matte finish resists fingerprints and looks clean all day long. Worth every single penny, the value you get is truly outstanding. Bass response is deep and satisfying without being muddy or overpowering at all.",2020-06-17,Sony WH-1000XM5 Review
amazon,Dell XPS 15,5,"Built like a tank, feels like it will last for years with proper care. The ANC algorithm is incredibly smart and adapts automatically to your environment. Charging takes way too long compared to what competitors are offering.",2023-02-04,Dell XPS 15 Review
amazon,Apple AirPods Pro 2,1,"I wore these on a 12-hour flight and my ears felt completely fine throughout. Performance in calls is excellent, colleagues always say my voice sounds clear. The design looks dated and generic compared to virtually all the competition.",2022-07-10,Apple AirPods Pro 2 Review
amazon,Sennheiser Momentum 4,5,"The noise cancellation is best-in-class, blocks out absolutely everything around me. Compared to competitors, the price-to-performance ratio here is excellent.",2024-03-14,Sennheiser Momentum 4 Review
amazon,Anker Soundcore Q45,5,"The detail retrieval is exceptional, I'm hearing things in songs I never noticed before. USB-C connectivity is a huge plus for both charging and wired use.",2020-03-07,Anker Soundcore Q45 Review
amazon,Bose QuietComfort 45,4,USB-C connectivity is a huge plus for both charging and wired use. Found these on sale and they're an absolute steal at that price point.,2023-08-08,Bose QuietComfort 45 Review
amazon,Jabra Evolve2 85,3,"30+ hours of battery is not a marketing gimmick, it actually delivers every time. Bluetooth pairing is instant and rock solid, never drops the connection. Survived being dropped multiple times without any damage or rattles. Aesthetics are gorgeous, gets compliments everywhere I use them.",2023-01-01,Jabra Evolve2 85 Review
amazon,Apple MacBook Pro 14,3,Audio quality at high volumes degrades noticeably and introduces distortion. The clamping force is way too tight and causes headaches after just an hour.,2021-10-06,Apple MacBook Pro 14 Review
amazon,Beats Studio Pro,4,"The detail retrieval is exceptional, I'm hearing things in songs I never noticed before. Performance in calls is excellent, colleagues always say my voice sounds clear. 30+ hours of battery is not a marketing gimmick, it actually delivers every time. The ear cups are incredibly soft and I can wear these for hours without discomfort.",2022-02-27,Beats Studio Pro Review
amazon,Apple AirPods Pro 2,4,The color options are tasteful and the overall look is very refined and elegant. The ear cushions started peeling and deteriorating within the first year. The ergonomic design makes these feel almost weightless on my head.,2024-06-16,Apple AirPods Pro 2 Review
amazon,Apple AirPods Pro 2,4,"Performance in calls is excellent, colleagues always say my voice sounds clear. Perfect fit right out of the box, the padding is plush and luxurious. Charged once and used them for three full days without needing a top-up.",2024-07-15,Apple AirPods Pro 2 Review
amazon,Samsung Galaxy S23,5,Battery management is smart and the drain is minimal even in high-usage modes. NFC pairing is super convenient and just works perfectly every single time. The noise cancellation is quite underwhelming and lets in a lot of ambient sound.,2020-03-06,Samsung Galaxy S23 Review
amazon,Bose QuietComfort 45,4,"The EQ preset options are severely limited and the default tuning is quite poor. Battery life is absolutely incredible, lasts way longer than advertised. Survived being dropped multiple times without any damage or rattles.",2023-01-06,Bose QuietComfort 45 Review
amazon,Sennheiser Momentum 4,3,"Handles multitasking beautifully without any slowdowns or hiccups at all. Bluetooth pairing is instant and rock solid, never drops the connection. Battery life is much shorter than advertised, barely lasts 6 hours on a charge.",2022-04-17,Sennheiser Momentum 4 Review
amazon,Apple AirPods Pro 2,5,The headband digs into my skull during longer listening sessions. Battery management is smart and the drain is minimal even in high-usage modes.,2023-11-24,Apple AirPods Pro 2 Review
amazon,Jabra Evolve2 85,5,"Battery health degrades noticeably after just a few months of normal use. The soundstage is wide and immersive, feels like you're at a live concert.",2024-06-16,Jabra Evolve2 85 Review
amazon,Sony WH-1000XM5,5,"The noise cancellation is best-in-class, blocks out absolutely everything around me. The audio quality is simply stunning, every instrument is crystal clear.",2022-01-14,Sony WH-1000XM5 Review
amazon,Apple MacBook Pro 14,3,"Surprisingly comfortable even during long sessions, the headband doesn't dig in at all. The noise cancellation is quite underwhelming and lets in a lot of ambient sound.",2022-06-03,Apple MacBook Pro 14 Review
amazon,Apple AirPods Pro 2,5,Expensive upfront but the quality completely justifies the cost. The hinge mechanism feels incredibly solid and the build quality is top notch. The ergonomic design makes these feel almost weightless on my head. The sleek minimalist design looks absolutely premium and professional.,2021-10-14,Apple AirPods Pro 2 Review
amazon,Samsung Galaxy S23,4,Bass response is deep and satisfying without being muddy or overpowering at all. The ergonomic design makes these feel almost weightless on my head.,2023-07-05,Samsung Galaxy S23 Review
amazon,Samsung Galaxy S23,4,Balanced frequency response makes these great for all genres of music. The sleek minimalist design looks absolutely premium and professional. USB-C connectivity is a huge plus for both charging and wired use.,2023-04-04,Samsung Galaxy S23 Review
amazon,Apple MacBook Pro 14,5,"The noise cancellation is best-in-class, blocks out absolutely everything around me. The audio quality is simply stunning, every instrument is crystal clear.",2024-12-23,Apple MacBook Pro 14 Review
amazon,Sennheiser Momentum 4,4,Pairing process is overly complicated and genuinely frustrating to set up initially. Feels fragile and like it could break with any significant accidental impact.,2021-08-13,Sennheiser Momentum 4 Review
amazon,Beats Studio Pro,5,I wore these on a 12-hour flight and my ears felt completely fine throughout. The ANC algorithm is incredibly smart and adapts automatically to your environment. The matte finish resists fingerprints and looks clean all day long.,2020-08-22,Beats Studio Pro Review
amazon,Sony WH-1000XM5,5,"The folding mechanism feels quite flimsy and I worry about long-term reliability. USB-C connectivity is a huge plus for both charging and wired use. Premium materials throughout, nothing feels cheap or plasticky whatsoever. Performance in calls is excellent, colleagues always say my voice sounds clear.",2021-10-19,Sony WH-1000XM5 Review
amazon,Dell XPS 15,4,"Battery life is absolutely incredible, lasts way longer than advertised. Premium materials throughout, nothing feels cheap or plasticky whatsoever. The matte finish resists fingerprints and looks clean all day long.",2020-01-04,Dell XPS 15 Review
amazon,Bose QuietComfort 45,4,"The soundstage is wide and immersive, feels like you're at a live concert. Surprisingly comfortable even during long sessions, the headband doesn't dig in at all.",2023-01-08,Bose QuietComfort 45 Review
amazon,Sennheiser Momentum 4,5,The sleek minimalist design looks absolutely premium and professional. Six months of heavy daily use and it still looks and performs like brand new. NFC pairing is super convenient and just works perfectly every single time.,2022-12-07,Sennheiser Momentum 4 Review
amazon,Dell XPS 15,4,"Bass response is deep and satisfying without being muddy or overpowering at all. Built like a tank, feels like it will last for years with proper care. The quick charge feature is a lifesaver — 15 minutes gives several hours of playback.",2024-09-11,Dell XPS 15 Review
amazon,Dell XPS 15,5,"The matte finish resists fingerprints and looks clean all day long. Perfect fit right out of the box, the padding is plush and luxurious. The audio quality is simply stunning, every instrument is crystal clear.",2024-04-23,Dell XPS 15 Review
amazon,Samsung Galaxy S23,4,"The wireless range is impressive, stays connected even from across the house. Software is buggy and requires constant updates just to fix basic issues. The sleek minimalist design looks absolutely premium and professional.",2020-09-03,Samsung Galaxy S23 Review
amazon,Sony WH-1000XM5,1,"NFC pairing is very hit or miss, sometimes works fine, sometimes just doesn't. Price gouging at its finest, the margins here must be absolutely enormous.",2020-09-03,Sony WH-1000XM5 Review
amazon,Bose QuietComfort 45,1,The headband digs into my skull during longer listening sessions. Better options available for half the price if you look around a bit.,2022-03-03,Bose QuietComfort 45 Review
amazon,Sennheiser Momentum 4,2,"Pairing process is overly complicated and genuinely frustrating to set up initially. The bass is completely overpowering and muddy, drowning out the mids and highs. The standby drain is terrible, loses significant charge just sitting on the desk. The noise cancellation is quite underwhelming and lets in a lot of ambient sound.",2021-01-04,Sennheiser Momentum 4 Review
amazon,Apple AirPods Pro 2,4,"The folding mechanism feels quite flimsy and I worry about long-term reliability. Expensive upfront but the quality completely justifies the cost. NFC pairing is very hit or miss, sometimes works fine, sometimes just doesn't.",2024-02-23,Apple AirPods Pro 2 Review
amazon,Apple AirPods Pro 2,5,"Bluetooth pairing is instant and rock solid, never drops the connection. Compact foldable design makes it very easy to travel with anywhere. The ear cups are incredibly soft and I can wear these for hours without discomfort. Survived being dropped multiple times without any damage or rattles.",2020-01-18,Apple AirPods Pro 2 Review
amazon,Apple AirPods Pro 2,4,"The standby drain is terrible, loses significant charge just sitting on the desk. The soundstage feels narrow and closed-in, lacks depth and spatial awareness. Software is buggy and requires constant updates just to fix basic issues.",2024-12-10,Apple AirPods Pro 2 Review
amazon,Sennheiser Momentum 4,3,The battery drains surprisingly quickly even when the device is not in active use. The EQ preset options are severely limited and the default tuning is quite poor.,2022-12-07,Sennheiser Momentum 4 Review
amazon,Dell XPS 15,5,"The soundstage is wide and immersive, feels like you're at a live concert. Found these on sale and they're an absolute steal at that price point.",2022-09-28,Dell XPS 15 Review
amazon,Apple MacBook Pro 14,2,"Software is buggy and requires constant updates just to fix basic issues. Price gouging at its finest, the margins here must be absolutely enormous.",2024-04-01,Apple MacBook Pro 14 Review
amazon,Anker Soundcore Q45,5,"Handles multitasking beautifully without any slowdowns or hiccups at all. Perfect fit right out of the box, the padding is plush and luxurious. The hinge mechanism feels incredibly solid and the build quality is top notch.",2020-11-29,Anker Soundcore Q45 Review
amazon,Sony WH-1000XM5,5,"Perfect fit right out of the box, the padding is plush and luxurious. Found these on sale and they're an absolute steal at that price point. Multipoint pairing works flawlessly between my laptop, phone, and tablet simultaneously. The soundstage is wide and immersive, feels like you're at a live concert.",2020-06-07,Sony WH-1000XM5 Review
amazon,Jabra Evolve2 85,5,"Found these on sale and they're an absolute steal at that price point. The matte finish resists fingerprints and looks clean all day long. Surprisingly comfortable even during long sessions, the headband doesn't dig in at all. Premium materials throughout, nothing feels cheap or plasticky whatsoever.",2021-03-29,Jabra Evolve2 85 Review
amazon,Apple MacBook Pro 14,3,Balanced frequency response makes these great for all genres of music. Not worth the premium when budget alternatives perform remarkably similarly.,2023-08-02,Apple MacBook Pro 14 Review
amazon,Beats Studio Pro,3,"The soundstage is wide and immersive, feels like you're at a live concert. The glossy finish is a constant fingerprint magnet and looks dirty all the time.",2024-09-27,Beats Studio Pro Review
amazon,Anker Soundcore Q45,5,"The hinge mechanism feels incredibly solid and the build quality is top notch. USB-C connectivity is a huge plus for both charging and wired use. Performance in calls is excellent, colleagues always say my voice sounds clear. Bulky and unflattering design, makes you look ridiculous wearing them in public.",2023-06-23,Anker Soundcore Q45 Review
amazon,Apple AirPods Pro 2,5,"Balanced frequency response makes these great for all genres of music. NFC pairing is very hit or miss, sometimes works fine, sometimes just doesn't. Handles multitasking beautifully without any slowdowns or hiccups at all. Bulky and unflattering design, makes you look ridiculous wearing them in public.",2020-01-15,Apple AirPods Pro 2 Review
amazon,Bose QuietComfort 45,5,"The bass is completely overpowering and muddy, drowning out the mids and highs. I wore these on a 12-hour flight and my ears felt completely fine throughout.",2021-07-01,Bose QuietComfort 45 Review
amazon,Apple MacBook Pro 14,5,The hinge mechanism feels incredibly solid and the build quality is top notch. The ergonomic design makes these feel almost weightless on my head. USB-C connectivity is a huge plus for both charging and wired use.,2024-08-10,Apple MacBook Pro 14 Review
amazon,Bose QuietComfort 45,4,The EQ preset options are severely limited and the default tuning is quite poor. The hinge mechanism feels incredibly solid and the build quality is top notch. The quick charge feature is a lifesaver — 15 minutes gives several hours of playback. Not worth the premium when budget alternatives perform remarkably similarly.,2024-12-04,Bose QuietComfort 45 Review
amazon,Dell XPS 15,5,The design looks dated and generic compared to virtually all the competition. The ANC algorithm is incredibly smart and adapts automatically to your environment.,2020-12-12,Dell XPS 15 Review
amazon,Dell XPS 15,5,"Found these on sale and they're an absolute steal at that price point. The ANC algorithm is incredibly smart and adapts automatically to your environment. 30+ hours of battery is not a marketing gimmick, it actually delivers every time.",2022-01-08,Dell XPS 15 Review
amazon,Samsung Galaxy S23,3,"Performance in calls is excellent, colleagues always say my voice sounds clear. Battery life is absolutely incredible, lasts way longer than advertised.",2023-09-09,Samsung Galaxy S23 Review
amazon,Jabra Evolve2 85,5,"Survived being dropped multiple times without any damage or rattles. The ear cups are incredibly soft and I can wear these for hours without discomfort. The wireless range is impressive, stays connected even from across the house.",2020-03-31,Jabra Evolve2 85 Review
amazon,Dell XPS 15,5,The matte finish resists fingerprints and looks clean all day long. The ANC algorithm is incredibly smart and adapts automatically to your environment. Charging takes way too long compared to what competitors are offering.,2022-08-22,Dell XPS 15 Review
amazon,Jabra Evolve2 85,3,"Ear cups are too small for larger ears and start to feel very painful over time. Bulky and unflattering design, makes you look ridiculous wearing them in public. Multipoint pairing is unreliable and switches devices completely unexpectedly. Price gouging at its finest, the margins here must be absolutely enormous.",2020-03-30,Jabra Evolve2 85 Review
amazon,Bose QuietComfort 45,4,"30+ hours of battery is not a marketing gimmick, it actually delivers every time. Bluetooth pairing is instant and rock solid, never drops the connection. The soundstage is wide and immersive, feels like you're at a live concert.",2021-12-15,Bose QuietComfort 45 Review
amazon,Apple AirPods Pro 2,5,"Better options available for half the price if you look around a bit. The ergonomic design makes these feel almost weightless on my head. Performance in calls is excellent, colleagues always say my voice sounds clear.",2020-05-18,Apple AirPods Pro 2 Review
amazon,Samsung Galaxy S23,4,"The wireless range is poor, drops connection beyond just 10 feet away. The color options are tasteful and the overall look is very refined and elegant. The audio quality is simply stunning, every instrument is crystal clear.",2021-01-25,Samsung Galaxy S23 Review
amazon,Sennheiser Momentum 4,1,"Pairing process is overly complicated and genuinely frustrating to set up initially. The color options are boring and completely uninspired, needs far more variety. Software is buggy and requires constant updates just to fix basic issues.",2020-12-25,Sennheiser Momentum 4 Review
amazon,Sony WH-1000XM5,4,"Worth every single penny, the value you get is truly outstanding. Pairing process is overly complicated and genuinely frustrating to set up initially. The ANC algorithm is incredibly smart and adapts automatically to your environment. The soundstage is wide and immersive, feels like you're at a live concert.",2022-08-20,Sony WH-1000XM5 Review
amazon,Anker Soundcore Q45,2,"Pairing process is overly complicated and genuinely frustrating to set up initially. The bass is completely overpowering and muddy, drowning out the mids and highs.",2020-12-08,Anker Soundcore Q45 Review
amazon,Dell XPS 15,2,"Battery life is much shorter than advertised, barely lasts 6 hours on a charge. The headband digs into my skull during longer listening sessions.",2023-08-02,Dell XPS 15 Review
amazon,Apple AirPods Pro 2,4,"Battery life is absolutely incredible, lasts way longer than advertised. I wore these on a 12-hour flight and my ears felt completely fine throughout. Six months of heavy daily use and it still looks and performs like brand new. The audio quality is simply stunning, every instrument is crystal clear.",2020-10-10,Apple AirPods Pro 2 Review
amazon,Apple AirPods Pro 2,3,"Premium materials throughout, nothing feels cheap or plasticky whatsoever. The soundstage feels narrow and closed-in, lacks depth and spatial awareness. Pairing process is overly complicated and genuinely frustrating to set up initially.",2022-05-11,Apple AirPods Pro 2 Review
amazon,Beats Studio Pro,2,"The standby drain is terrible, loses significant charge just sitting on the desk. Software is buggy and requires constant updates just to fix basic issues.",2021-03-28,Beats Studio Pro Review
amazon,Beats Studio Pro,5,"The sleek minimalist design looks absolutely premium and professional. Bluetooth pairing is instant and rock solid, never drops the connection. The detail retrieval is exceptional, I'm hearing things in songs I never noticed before. Built like a tank, feels like it will last for years with proper care.",2022-03-13,Beats Studio Pro Review
amazon,Sony WH-1000XM5,5,"Compact foldable design makes it very easy to travel with anywhere. NFC pairing is super convenient and just works perfectly every single time. Handles multitasking beautifully without any slowdowns or hiccups at all. Compared to competitors, the price-to-performance ratio here is excellent.",2023-10-14,Sony WH-1000XM5 Review
amazon,Jabra Evolve2 85,4,"Price gouging at its finest, the margins here must be absolutely enormous. Balanced frequency response makes these great for all genres of music.",2020-10-06,Jabra Evolve2 85 Review
amazon,Jabra Evolve2 85,4,"Multipoint pairing works flawlessly between my laptop, phone, and tablet simultaneously. The processing is fast and responsive, no lag or latency issues whatsoever. Surprisingly comfortable even during long sessions, the headband doesn't dig in at all. Compared to competitors, the price-to-performance ratio here is excellent.",2024-11-21,Jabra Evolve2 85 Review
amazon,Sennheiser Momentum 4,5,"Balanced frequency response makes these great for all genres of music. The hinge mechanism feels incredibly solid and the build quality is top notch. 30+ hours of battery is not a marketing gimmick, it actually delivers every time. The matte finish resists fingerprints and looks clean all day long.",2022-10-25,Sennheiser Momentum 4 Review
amazon,Sennheiser Momentum 4,3,"The glossy finish is a constant fingerprint magnet and looks dirty all the time. Charging takes way too long compared to what competitors are offering. Way too expensive for what you actually get, feels completely overpriced.",2024-06-30,Sennheiser Momentum 4 Review
amazon,Beats Studio Pro,2,"The EQ preset options are severely limited and the default tuning is quite poor. Bluetooth pairing is instant and rock solid, never drops the connection. Worth every single penny, the value you get is truly outstanding. The color options are boring and completely uninspired, needs far more variety.",2021-02-15,Beats Studio Pro Review
amazon,Apple MacBook Pro 14,3,"Multipoint pairing works flawlessly between my laptop, phone, and tablet simultaneously. Software is buggy and requires constant updates just to fix basic issues. Battery life is absolutely incredible, lasts way longer than advertised.",2021-12-18,Apple MacBook Pro 14 Review
amazon,Bose QuietComfort 45,1,"The soundstage feels narrow and closed-in, lacks depth and spatial awareness. Bulky and unflattering design, makes you look ridiculous wearing them in public. The clamping force is way too tight and causes headaches after just an hour.",2023-04-06,Bose QuietComfort 45 Review
amazon,Anker Soundcore Q45,3,"The wireless range is impressive, stays connected even from across the house. The detail retrieval is exceptional, I'm hearing things in songs I never noticed before. I wore these on a 12-hour flight and my ears felt completely fine throughout. The standby drain is terrible, loses significant charge just sitting on the desk.",2020-11-12,Anker Soundcore Q45 Review
amazon,Bose QuietComfort 45,4,"Ear cups are too small for larger ears and start to feel very painful over time. Performance in calls is excellent, colleagues always say my voice sounds clear. 30+ hours of battery is not a marketing gimmick, it actually delivers every time. The wireless range is impressive, stays connected even from across the house.",2023-03-02,Bose QuietComfort 45 Review
amazon,Sennheiser Momentum 4,5,"The wireless range is poor, drops connection beyond just 10 feet away. Performance in calls is excellent, colleagues always say my voice sounds clear. Battery management is smart and the drain is minimal even in high-usage modes.",2022-03-13,Sennheiser Momentum 4 Review
amazon,Dell XPS 15,5,"Compared to competitors, the price-to-performance ratio here is excellent. Aesthetics are gorgeous, gets compliments everywhere I use them.",2020-02-03,Dell XPS 15 Review
amazon,Apple AirPods Pro 2,4,"Worth every single penny, the value you get is truly outstanding. The detail retrieval is exceptional, I'm hearing things in songs I never noticed before. The ear cups are incredibly soft and I can wear these for hours without discomfort. Premium materials throughout, nothing feels cheap or plasticky whatsoever.",2023-07-26,Apple AirPods Pro 2 Review
amazon,Beats Studio Pro,3,"The weight is uncomfortable and causes noticeable neck fatigue during long use. The processing is fast and responsive, no lag or latency issues whatsoever. The sleek minimalist design looks absolutely premium and professional.",2024-11-13,Beats Studio Pro Review
amazon,Jabra Evolve2 85,3,"The standby drain is terrible, loses significant charge just sitting on the desk. I wore these on a 12-hour flight and my ears felt completely fine throughout. Treble is harsh and fatiguing for extended listening sessions. NFC pairing is very hit or miss, sometimes works fine, sometimes just doesn't.",2023-06-12,Jabra Evolve2 85 Review
amazon,Sennheiser Momentum 4,3,"Way too expensive for what you actually get, feels completely overpriced. The weight is uncomfortable and causes noticeable neck fatigue during long use. Survived being dropped multiple times without any damage or rattles.",2024-02-28,Sennheiser Momentum 4 Review
amazon,Jabra Evolve2 85,4,"Charged once and used them for three full days without needing a top-up. The matte finish resists fingerprints and looks clean all day long. Performance in calls is excellent, colleagues always say my voice sounds clear. I wore these on a 12-hour flight and my ears felt completely fine throughout.",2024-11-03,Jabra Evolve2 85 Review
amazon,Apple MacBook Pro 14,5,Charged once and used them for three full days without needing a top-up. Expensive upfront but the quality completely justifies the cost.,2023-07-23,Apple MacBook Pro 14 Review
amazon,Anker Soundcore Q45,4,Feels fragile and like it could break with any significant accidental impact. The ergonomic design makes these feel almost weightless on my head. The ANC creates an uncomfortable pressure sensation that gives me headaches. The design looks dated and generic compared to virtually all the competition.,2024-09-01,Anker Soundcore Q45 Review
amazon,Sony WH-1000XM5,2,Pairing process is overly complicated and genuinely frustrating to set up initially. The folding mechanism feels quite flimsy and I worry about long-term reliability.,2024-12-30,Sony WH-1000XM5 Review
amazon,Beats Studio Pro,5,"The audio quality is simply stunning, every instrument is crystal clear. 30+ hours of battery is not a marketing gimmick, it actually delivers every time. Compact foldable design makes it very easy to travel with anywhere.",2020-01-23,Beats Studio Pro Review
amazon,Sony WH-1000XM5,5,"Treble is harsh and fatiguing for extended listening sessions. Bulky and unflattering design, makes you look ridiculous wearing them in public. Built like a tank, feels like it will last for years with proper care. The noise cancellation is best-in-class, blocks out absolutely everything around me.",2023-05-08,Sony WH-1000XM5 Review
amazon,Jabra Evolve2 85,5,"Multipoint pairing works flawlessly between my laptop, phone, and tablet simultaneously. The ear cushions started peeling and deteriorating within the first year. I wore these on a 12-hour flight and my ears felt completely fine throughout.",2023-02-23,Jabra Evolve2 85 Review
amazon,Sony WH-1000XM5,4,"Multipoint pairing is unreliable and switches devices completely unexpectedly. The ear cups are incredibly soft and I can wear these for hours without discomfort. Performance in calls is excellent, colleagues always say my voice sounds clear. Price gouging at its finest, the margins here must be absolutely enormous.",2024-06-13,Sony WH-1000XM5 Review
amazon,Samsung Galaxy S23,4,"Built like a tank, feels like it will last for years with proper care. The ergonomic design makes these feel almost weightless on my head. Multipoint pairing works flawlessly between my laptop, phone, and tablet simultaneously. Compared to competitors, the price-to-performance ratio here is excellent.",2023-07-19,Samsung Galaxy S23 Review
amazon,Samsung Galaxy S23,4,"Bluetooth connection drops frequently and requires constant annoying reconnecting. Performance degrades noticeably when multiple applications are running. Surprisingly comfortable even during long sessions, the headband doesn't dig in at all. The audio quality is simply stunning, every instrument is crystal clear.",2024-05-03,Samsung Galaxy S23 Review
amazon,Apple AirPods Pro 2,3,"The premium price tag is simply not justified given the quality issues I experienced. Charged once and used them for three full days without needing a top-up. The processing is fast and responsive, no lag or latency issues whatsoever.",2022-02-23,Apple AirPods Pro 2 Review
amazon,Jabra Evolve2 85,3,"The processing is fast and responsive, no lag or latency issues whatsoever. Ear cups are too small for larger ears and start to feel very painful over time.",2021-08-30,Jabra Evolve2 85 Review
amazon,Beats Studio Pro,5,"Balanced frequency response makes these great for all genres of music. The quick charge feature is a lifesaver — 15 minutes gives several hours of playback. Surprisingly comfortable even during long sessions, the headband doesn't dig in at all.",2020-01-31,Beats Studio Pro Review
amazon,Jabra Evolve2 85,5,"The ear cups are incredibly soft and I can wear these for hours without discomfort. The audio quality is simply stunning, every instrument is crystal clear. USB-C connectivity is a huge plus for both charging and wired use. The color options are tasteful and the overall look is very refined and elegant.",2021-03-27,Jabra Evolve2 85 Review
amazon,Anker Soundcore Q45,5,"The detail retrieval is exceptional, I'm hearing things in songs I never noticed before. Charged once and used them for three full days without needing a top-up.",2024-04-07,Anker Soundcore Q45 Review
amazon,Apple AirPods Pro 2,5,"Expensive upfront but the quality completely justifies the cost. Bass response is deep and satisfying without being muddy or overpowering at all. Compact foldable design makes it very easy to travel with anywhere. Battery life is absolutely incredible, lasts way longer than advertised.",2020-05-16,Apple AirPods Pro 2 Review
amazon,Apple AirPods Pro 2,3,The design looks dated and generic compared to virtually all the competition. Ear cups are too small for larger ears and start to feel very painful over time. Not worth the premium when budget alternatives perform remarkably similarly.,2024-03-23,Apple AirPods Pro 2 Review
amazon,Dell XPS 15,3,"Battery life is much shorter than advertised, barely lasts 6 hours on a charge. The color options are boring and completely uninspired, needs far more variety. Premium materials throughout, nothing feels cheap or plasticky whatsoever. Better options available for half the price if you look around a bit.",2021-05-29,Dell XPS 15 Review
amazon,Apple AirPods Pro 2,5,Microphone quality on calls is poor and people consistently struggle to hear me. Six months of heavy daily use and it still looks and performs like brand new.,2022-01-04,Apple AirPods Pro 2 Review
amazon,Apple AirPods Pro 2,5,"The audio quality is simply stunning, every instrument is crystal clear. Compared to competitors, the price-to-performance ratio here is excellent. Battery management is smart and the drain is minimal even in high-usage modes.",2022-08-21,Apple AirPods Pro 2 Review
amazon,Beats Studio Pro,4,"Battery life is much shorter than advertised, barely lasts 6 hours on a charge. I wore these on a 12-hour flight and my ears felt completely fine throughout. The color options are boring and completely uninspired, needs far more variety.",2020-05-19,Beats Studio Pro Review
amazon,Beats Studio Pro,3,NFC pairing is super convenient and just works perfectly every single time. Ear cups are too small for larger ears and start to feel very painful over time.,2020-09-21,Beats Studio Pro Review
amazon,Apple AirPods Pro 2,5,"Found these on sale and they're an absolute steal at that price point. The sleek minimalist design looks absolutely premium and professional. Premium materials throughout, nothing feels cheap or plasticky whatsoever. The processing is fast and responsive, no lag or latency issues whatsoever.",2020-01-20,Apple AirPods Pro 2 Review
amazon,Sony WH-1000XM5,4,"Compared to competitors, the price-to-performance ratio here is excellent. Bass response is deep and satisfying without being muddy or overpowering at all.",2020-05-04,Sony WH-1000XM5 Review
amazon,Beats Studio Pro,4,USB-C connectivity is a huge plus for both charging and wired use. Charged once and used them for three full days without needing a top-up. Six months of heavy daily use and it still looks and performs like brand new. Bass response is deep and satisfying without being muddy or overpowering at all.,2022-04-11,Beats Studio Pro Review
amazon,Anker Soundcore Q45,5,"Battery management is smart and the drain is minimal even in high-usage modes. Compared to competitors, the price-to-performance ratio here is excellent.",2022-01-17,Anker Soundcore Q45 Review
amazon,Sennheiser Momentum 4,5,"Premium price but you're paying for premium quality, absolutely no regrets. The audio quality is simply stunning, every instrument is crystal clear. The matte finish resists fingerprints and looks clean all day long. Built like a tank, feels like it will last for years with proper care.",2021-08-15,Sennheiser Momentum 4 Review
amazon,Apple AirPods Pro 2,4,"Perfect fit right out of the box, the padding is plush and luxurious. NFC pairing is super convenient and just works perfectly every single time. 30+ hours of battery is not a marketing gimmick, it actually delivers every time. The soundstage is wide and immersive, feels like you're at a live concert.",2021-08-26,Apple AirPods Pro 2 Review
amazon,Beats Studio Pro,5,The matte finish resists fingerprints and looks clean all day long. Expensive upfront but the quality completely justifies the cost.,2024-11-06,Beats Studio Pro Review
amazon,Jabra Evolve2 85,2,The quick charge feature is a lifesaver — 15 minutes gives several hours of playback. The folding mechanism feels quite flimsy and I worry about long-term reliability.,2024-08-23,Jabra Evolve2 85 Review
amazon,Beats Studio Pro,3,"Bluetooth pairing is instant and rock solid, never drops the connection. Way too expensive for what you actually get, feels completely overpriced. I wore these on a 12-hour flight and my ears felt completely fine throughout.",2024-09-19,Beats Studio Pro Review
amazon,Jabra Evolve2 85,5,"The processing is fast and responsive, no lag or latency issues whatsoever. Premium materials throughout, nothing feels cheap or plasticky whatsoever. The matte finish resists fingerprints and looks clean all day long. Balanced frequency response makes these great for all genres of music.",2024-12-16,Jabra Evolve2 85 Review
amazon,Apple MacBook Pro 14,3,The cable port is already loose and connection issues started very early on. Compact foldable design makes it very easy to travel with anywhere. Battery health degrades noticeably after just a few months of normal use. Treble is harsh and fatiguing for extended listening sessions.,2024-09-16,Apple MacBook Pro 14 Review
amazon,Apple AirPods Pro 2,1,"Charging takes way too long compared to what competitors are offering. The bass is completely overpowering and muddy, drowning out the mids and highs. Bulky and unflattering design, makes you look ridiculous wearing them in public.",2023-05-19,Apple AirPods Pro 2 Review
amazon,Dell XPS 15,4,"Compact foldable design makes it very easy to travel with anywhere. The noise cancellation is best-in-class, blocks out absolutely everything around me.",2020-05-30,Dell XPS 15 Review
amazon,Apple MacBook Pro 14,5,"Aesthetics are gorgeous, gets compliments everywhere I use them. Surprisingly comfortable even during long sessions, the headband doesn't dig in at all.",2022-07-20,Apple MacBook Pro 14 Review
amazon,Apple MacBook Pro 14,3,Performance degrades noticeably when multiple applications are running. The quick charge feature is a lifesaver — 15 minutes gives several hours of playback. Feels fragile and like it could break with any significant accidental impact. Balanced frequency response makes these great for all genres of music.,2023-03-03,Apple MacBook Pro 14 Review
amazon,Sennheiser Momentum 4,5,Expensive upfront but the quality completely justifies the cost. USB-C connectivity is a huge plus for both charging and wired use.,2024-06-25,Sennheiser Momentum 4 Review
amazon,Sennheiser Momentum 4,3,"NFC pairing is very hit or miss, sometimes works fine, sometimes just doesn't. Perfect fit right out of the box, the padding is plush and luxurious. Better options available for half the price if you look around a bit. Premium materials throughout, nothing feels cheap or plasticky whatsoever.",2023-01-21,Sennheiser Momentum 4 Review
amazon,Apple AirPods Pro 2,5,"Aesthetics are gorgeous, gets compliments everywhere I use them. The processing is fast and responsive, no lag or latency issues whatsoever.",2024-11-10,Apple AirPods Pro 2 Review
amazon,Samsung Galaxy S23,2,"Charging takes way too long compared to what competitors are offering. The wireless range is poor, drops connection beyond just 10 feet away.",2020-01-01,Samsung Galaxy S23 Review
amazon,Apple AirPods Pro 2,5,"NFC pairing is super convenient and just works perfectly every single time. The detail retrieval is exceptional, I'm hearing things in songs I never noticed before.",2023-05-03,Apple AirPods Pro 2 Review
amazon,Beats Studio Pro,5,"The ANC algorithm is incredibly smart and adapts automatically to your environment. The ear cups are incredibly soft and I can wear these for hours without discomfort. Battery life is absolutely incredible, lasts way longer than advertised. Expensive upfront but the quality completely justifies the cost.",2020-11-15,Beats Studio Pro Review
amazon,Apple AirPods Pro 2,1,"The ear cushions started peeling and deteriorating within the first year. The color options are boring and completely uninspired, needs far more variety. Charging takes way too long compared to what competitors are offering.",2021-06-04,Apple AirPods Pro 2 Review
amazon,Jabra Evolve2 85,5,"Worth every single penny, the value you get is truly outstanding. Pairing process is overly complicated and genuinely frustrating to set up initially.",2023-12-30,Jabra Evolve2 85 Review
amazon,Dell XPS 15,5,"The clamping force is way too tight and causes headaches after just an hour. Bluetooth pairing is instant and rock solid, never drops the connection. The quick charge feature is a lifesaver — 15 minutes gives several hours of playback.",2024-09-02,Dell XPS 15 Review
amazon,Sony WH-1000XM5,3,"The audio quality is simply stunning, every instrument is crystal clear. The color options are tasteful and the overall look is very refined and elegant.",2024-11-09,Sony WH-1000XM5 Review
amazon,Bose QuietComfort 45,1,"The detail retrieval is exceptional, I'm hearing things in songs I never noticed before. The ANC creates an uncomfortable pressure sensation that gives me headaches. Bulky and unflattering design, makes you look ridiculous wearing them in public. The ear cushions started peeling and deteriorating within the first year.",2021-01-11,Bose QuietComfort 45 Review
amazon,Apple MacBook Pro 14,2,The ANC creates an uncomfortable pressure sensation that gives me headaches. The premium price tag is simply not justified given the quality issues I experienced.,2023-06-07,Apple MacBook Pro 14 Review
amazon,Dell XPS 15,4,"Feels fragile and like it could break with any significant accidental impact. NFC pairing is super convenient and just works perfectly every single time. Battery life is absolutely incredible, lasts way longer than advertised.",2020-02-15,Dell XPS 15 Review
amazon,Sennheiser Momentum 4,5,USB-C connectivity is a huge plus for both charging and wired use. The ANC algorithm is incredibly smart and adapts automatically to your environment.,2021-07-14,Sennheiser Momentum 4 Review
amazon,Jabra Evolve2 85,5,"The ANC algorithm is incredibly smart and adapts automatically to your environment. The headband digs into my skull during longer listening sessions. Premium materials throughout, nothing feels cheap or plasticky whatsoever. The quick charge feature is a lifesaver — 15 minutes gives several hours of playback.",2023-06-02,Jabra Evolve2 85 Review
amazon,Beats Studio Pro,5,"Surprisingly comfortable even during long sessions, the headband doesn't dig in at all. The processing is fast and responsive, no lag or latency issues whatsoever.",2021-08-26,Beats Studio Pro Review
amazon,Bose QuietComfort 45,4,"Better options available for half the price if you look around a bit. NFC pairing is very hit or miss, sometimes works fine, sometimes just doesn't.",2021-04-05,Bose QuietComfort 45 Review
amazon,Apple MacBook Pro 14,4,"Charged once and used them for three full days without needing a top-up. Bluetooth pairing is instant and rock solid, never drops the connection.",2021-05-04,Apple MacBook Pro 14 Review
amazon,Sennheiser Momentum 4,4,The color options are tasteful and the overall look is very refined and elegant. Handles multitasking beautifully without any slowdowns or hiccups at all.,2024-03-22,Sennheiser Momentum 4 Review
amazon,Jabra Evolve2 85,2,Not worth the premium when budget alternatives perform remarkably similarly. Audio quality at high volumes degrades noticeably and introduces distortion.,2022-07-20,Jabra Evolve2 85 Review
amazon,Beats Studio Pro,1,"The battery drains surprisingly quickly even when the device is not in active use. The wireless range is poor, drops connection beyond just 10 feet away. The EQ preset options are severely limited and the default tuning is quite poor. Performance degrades noticeably when multiple applications are running.",2022-05-13,Beats Studio Pro Review
amazon,Samsung Galaxy S23,4,"Price gouging at its finest, the margins here must be absolutely enormous. 30+ hours of battery is not a marketing gimmick, it actually delivers every time. The color options are tasteful and the overall look is very refined and elegant. The headband digs into my skull during longer listening sessions.",2024-12-06,Samsung Galaxy S23 Review
amazon,Apple AirPods Pro 2,4,"Performance degrades noticeably when multiple applications are running. The design looks dated and generic compared to virtually all the competition. Battery life is absolutely incredible, lasts way longer than advertised. The hinge mechanism feels incredibly solid and the build quality is top notch.",2020-04-03,Apple AirPods Pro 2 Review
amazon,Sennheiser Momentum 4,4,"The soundstage is wide and immersive, feels like you're at a live concert. The folding mechanism feels quite flimsy and I worry about long-term reliability. The headband digs into my skull during longer listening sessions. Premium price but you're paying for premium quality, absolutely no regrets.",2020-08-08,Sennheiser Momentum 4 Review
amazon,Samsung Galaxy S23,3,"The wireless range is poor, drops connection beyond just 10 feet away. I wore these on a 12-hour flight and my ears felt completely fine throughout. Battery life is absolutely incredible, lasts way longer than advertised. Feels fragile and like it could break with any significant accidental impact.",2021-09-09,Samsung Galaxy S23 Review
amazon,Anker Soundcore Q45,5,"Expensive upfront but the quality completely justifies the cost. Performance in calls is excellent, colleagues always say my voice sounds clear. The design looks dated and generic compared to virtually all the competition.",2021-09-24,Anker Soundcore Q45 Review
amazon,Apple MacBook Pro 14,4,Ear cups are too small for larger ears and start to feel very painful over time. Bluetooth connection drops frequently and requires constant annoying reconnecting. The EQ preset options are severely limited and the default tuning is quite poor.,2020-09-29,Apple MacBook Pro 14 Review
amazon,Apple AirPods Pro 2,4,"Premium materials throughout, nothing feels cheap or plasticky whatsoever. The noise cancellation is best-in-class, blocks out absolutely everything around me. Expensive upfront but the quality completely justifies the cost. The quick charge feature is a lifesaver — 15 minutes gives several hours of playback.",2024-10-21,Apple AirPods Pro 2 Review
amazon,Apple MacBook Pro 14,5,"30+ hours of battery is not a marketing gimmick, it actually delivers every time. Bulky and unflattering design, makes you look ridiculous wearing them in public. Premium price but you're paying for premium quality, absolutely no regrets. The detail retrieval is exceptional, I'm hearing things in songs I never noticed before.",2021-03-15,Apple MacBook Pro 14 Review
amazon,Sony WH-1000XM5,3,Charged once and used them for three full days without needing a top-up. Better options available for half the price if you look around a bit. Bluetooth connection drops frequently and requires constant annoying reconnecting.,2020-11-26,Sony WH-1000XM5 Review
amazon,Apple MacBook Pro 14,5,"Multipoint pairing works flawlessly between my laptop, phone, and tablet simultaneously. The soundstage is wide and immersive, feels like you're at a live concert. The hinge mechanism feels incredibly solid and the build quality is top notch. Compact foldable design makes it very easy to travel with anywhere.",2021-07-18,Apple MacBook Pro 14 Review
amazon,Jabra Evolve2 85,5,Six months of heavy daily use and it still looks and performs like brand new. The premium price tag is simply not justified given the quality issues I experienced.,2022-07-22,Jabra Evolve2 85 Review
amazon,Dell XPS 15,5,"The matte finish resists fingerprints and looks clean all day long. Battery life is absolutely incredible, lasts way longer than advertised. Bass response is deep and satisfying without being muddy or overpowering at all.",2024-04-25,Dell XPS 15 Review
amazon,Samsung Galaxy S23,4,"Compared to competitors, the price-to-performance ratio here is excellent. The bass is completely overpowering and muddy, drowning out the mids and highs. The ear cups are incredibly soft and I can wear these for hours without discomfort. Battery life is absolutely incredible, lasts way longer than advertised.",2020-02-02,Samsung Galaxy S23 Review
amazon,Beats Studio Pro,2,Not worth the premium when budget alternatives perform remarkably similarly. Feels fragile and like it could break with any significant accidental impact.,2021-09-26,Beats Studio Pro Review
amazon,Apple AirPods Pro 2,5,"Charged once and used them for three full days without needing a top-up. The processing is fast and responsive, no lag or latency issues whatsoever. Multipoint pairing works flawlessly between my laptop, phone, and tablet simultaneously.",2022-08-22,Apple AirPods Pro 2 Review
amazon,Sony WH-1000XM5,4,"Expensive upfront but the quality completely justifies the cost. Ear cups are too small for larger ears and start to feel very painful over time. Performance in calls is excellent, colleagues always say my voice sounds clear.",2020-04-14,Sony WH-1000XM5 Review
amazon,Sony WH-1000XM5,5,"Compared to competitors, the price-to-performance ratio here is excellent. The sleek minimalist design looks absolutely premium and professional.",2020-02-28,Sony WH-1000XM5 Review
amazon,Jabra Evolve2 85,4,The hinge mechanism feels incredibly solid and the build quality is top notch. NFC pairing is super convenient and just works perfectly every single time.,2024-03-29,Jabra Evolve2 85 Review
amazon,Samsung Galaxy S23,4,"The hinge cracked after just a few months of completely normal everyday use. Found these on sale and they're an absolute steal at that price point. Bulky and unflattering design, makes you look ridiculous wearing them in public.",2020-12-31,Samsung Galaxy S23 Review
amazon,Jabra Evolve2 85,4,"Built like a tank, feels like it will last for years with proper care. Charged once and used them for three full days without needing a top-up. The ear cups are incredibly soft and I can wear these for hours without discomfort.",2024-06-08,Jabra Evolve2 85 Review
amazon,Sennheiser Momentum 4,5,"I wore these on a 12-hour flight and my ears felt completely fine throughout. 30+ hours of battery is not a marketing gimmick, it actually delivers every time. Bluetooth connection drops frequently and requires constant annoying reconnecting.",2020-06-13,Sennheiser Momentum 4 Review
amazon,Beats Studio Pro,4,"Perfect fit right out of the box, the padding is plush and luxurious. Audio quality at high volumes degrades noticeably and introduces distortion.",2020-05-02,Beats Studio Pro Review
amazon,Samsung Galaxy S23,5,"Battery life is absolutely incredible, lasts way longer than advertised. Compared to competitors, the price-to-performance ratio here is excellent. The ear cups are incredibly soft and I can wear these for hours without discomfort.",2020-12-06,Samsung Galaxy S23 Review
amazon,Sennheiser Momentum 4,4,"30+ hours of battery is not a marketing gimmick, it actually delivers every time. Handles multitasking beautifully without any slowdowns or hiccups at all.",2020-03-17,Sennheiser Momentum 4 Review
amazon,Sennheiser Momentum 4,4,"Balanced frequency response makes these great for all genres of music. The wireless range is impressive, stays connected even from across the house. Survived being dropped multiple times without any damage or rattles.",2023-12-07,Sennheiser Momentum 4 Review
amazon,Samsung Galaxy S23,4,"The quick charge feature is a lifesaver — 15 minutes gives several hours of playback. Worth every single penny, the value you get is truly outstanding. The ergonomic design makes these feel almost weightless on my head.",2023-12-08,Samsung Galaxy S23 Review
amazon,Anker Soundcore Q45,4,"The glossy finish is a constant fingerprint magnet and looks dirty all the time. Multipoint pairing works flawlessly between my laptop, phone, and tablet simultaneously.",2020-02-07,Anker Soundcore Q45 Review
amazon,Apple AirPods Pro 2,5,"Premium price but you're paying for premium quality, absolutely no regrets. Premium materials throughout, nothing feels cheap or plasticky whatsoever. The soundstage is wide and immersive, feels like you're at a live concert.",2020-07-24,Apple AirPods Pro 2 Review
amazon,Anker Soundcore Q45,4,"Built like a tank, feels like it will last for years with proper care. Battery management is smart and the drain is minimal even in high-usage modes. Compared to competitors, the price-to-performance ratio here is excellent. Bluetooth pairing is instant and rock solid, never drops the connection.",2022-02-09,Anker Soundcore Q45 Review
amazon,Bose QuietComfort 45,4,"The detail retrieval is exceptional, I'm hearing things in songs I never noticed before. The ergonomic design makes these feel almost weightless on my head. The color options are tasteful and the overall look is very refined and elegant. NFC pairing is very hit or miss, sometimes works fine, sometimes just doesn't.",2023-09-26,Bose QuietComfort 45 Review
amazon,Sennheiser Momentum 4,4,Microphone quality on calls is poor and people consistently struggle to hear me. Not worth the premium when budget alternatives perform remarkably similarly. The cable port is already loose and connection issues started very early on.,2023-10-18,Sennheiser Momentum 4 Review
amazon,Sennheiser Momentum 4,3,"The processing is fast and responsive, no lag or latency issues whatsoever. Charged once and used them for three full days without needing a top-up.",2024-01-02,Sennheiser Momentum 4 Review
amazon,Beats Studio Pro,5,"Compact foldable design makes it very easy to travel with anywhere. Pairing process is overly complicated and genuinely frustrating to set up initially. Handles multitasking beautifully without any slowdowns or hiccups at all. Compared to competitors, the price-to-performance ratio here is excellent.",2020-04-06,Beats Studio Pro Review
amazon,Bose QuietComfort 45,1,Not worth the premium when budget alternatives perform remarkably similarly. The ear cups are incredibly soft and I can wear these for hours without discomfort. The matte finish resists fingerprints and looks clean all day long.,2020-10-07,Bose QuietComfort 45 Review
amazon,Apple AirPods Pro 2,1,"The standby drain is terrible, loses significant charge just sitting on the desk. The noise cancellation is quite underwhelming and lets in a lot of ambient sound.",2022-02-22,Apple AirPods Pro 2 Review
amazon,Beats Studio Pro,5,"NFC pairing is super convenient and just works perfectly every single time. The ANC algorithm is incredibly smart and adapts automatically to your environment. Six months of heavy daily use and it still looks and performs like brand new. The soundstage is wide and immersive, feels like you're at a live concert.",2020-03-20,Beats Studio Pro Review
amazon,Apple AirPods Pro 2,4,"The ergonomic design makes these feel almost weightless on my head. The wireless range is impressive, stays connected even from across the house. The matte finish resists fingerprints and looks clean all day long.",2023-06-23,Apple AirPods Pro 2 Review
amazon,Apple MacBook Pro 14,3,"NFC pairing is very hit or miss, sometimes works fine, sometimes just doesn't. The folding mechanism feels quite flimsy and I worry about long-term reliability. Battery life is much shorter than advertised, barely lasts 6 hours on a charge. The premium price tag is simply not justified given the quality issues I experienced.",2024-10-16,Apple MacBook Pro 14 Review
amazon,Bose QuietComfort 45,4,Feels fragile and like it could break with any significant accidental impact. Compact foldable design makes it very easy to travel with anywhere. Bass response is deep and satisfying without being muddy or overpowering at all.,2023-08-24,Bose QuietComfort 45 Review
amazon,Bose QuietComfort 45,5,The ANC algorithm is incredibly smart and adapts automatically to your environment. Found these on sale and they're an absolute steal at that price point. Survived being dropped multiple times without any damage or rattles. Charged once and used them for three full days without needing a top-up.,2023-01-19,Bose QuietComfort 45 Review
amazon,Sony WH-1000XM5,4,"Not worth the premium when budget alternatives perform remarkably similarly. Premium materials throughout, nothing feels cheap or plasticky whatsoever. The clamping force is way too tight and causes headaches after just an hour.",2022-11-24,Sony WH-1000XM5 Review
amazon,Samsung Galaxy S23,3,Charged once and used them for three full days without needing a top-up. The matte finish resists fingerprints and looks clean all day long.,2024-09-06,Samsung Galaxy S23 Review
amazon,Bose QuietComfort 45,4,"Balanced frequency response makes these great for all genres of music. Compared to competitors, the price-to-performance ratio here is excellent. 30+ hours of battery is not a marketing gimmick, it actually delivers every time. Multipoint pairing works flawlessly between my laptop, phone, and tablet simultaneously.",2022-06-09,Bose QuietComfort 45 Review
amazon,Samsung Galaxy S23,2,The EQ preset options are severely limited and the default tuning is quite poor. The premium price tag is simply not justified given the quality issues I experienced.,2021-11-07,Samsung Galaxy S23 Review
amazon,Jabra Evolve2 85,4,"The sleek minimalist design looks absolutely premium and professional. The detail retrieval is exceptional, I'm hearing things in songs I never noticed before. Performance in calls is excellent, colleagues always say my voice sounds clear. The ear cups are incredibly soft and I can wear these for hours without discomfort.",2021-07-28,Jabra Evolve2 85 Review
amazon,Apple MacBook Pro 14,2,"The premium price tag is simply not justified given the quality issues I experienced. Software is buggy and requires constant updates just to fix basic issues. The cable port is already loose and connection issues started very early on. The bass is completely overpowering and muddy, drowning out the mids and highs.",2021-10-05,Apple MacBook Pro 14 Review
amazon,Beats Studio Pro,1,"Found these on sale and they're an absolute steal at that price point. Perfect fit right out of the box, the padding is plush and luxurious. Bulky and unflattering design, makes you look ridiculous wearing them in public. 30+ hours of battery is not a marketing gimmick, it actually delivers every time.",2021-09-23,Beats Studio Pro Review
amazon,Dell XPS 15,5,"The detail retrieval is exceptional, I'm hearing things in songs I never noticed before. The color options are tasteful and the overall look is very refined and elegant. Compared to competitors, the price-to-performance ratio here is excellent.",2024-11-01,Dell XPS 15 Review
amazon,Dell XPS 15,5,"Survived being dropped multiple times without any damage or rattles. 30+ hours of battery is not a marketing gimmick, it actually delivers every time. Performance in calls is excellent, colleagues always say my voice sounds clear. Bass response is deep and satisfying without being muddy or overpowering at all.",2024-10-24,Dell XPS 15 Review
amazon,Dell XPS 15,4,"Compared to competitors, the price-to-performance ratio here is excellent. Battery life is absolutely incredible, lasts way longer than advertised. Performance in calls is excellent, colleagues always say my voice sounds clear.",2020-08-08,Dell XPS 15 Review
amazon,Apple MacBook Pro 14,3,"The soundstage feels narrow and closed-in, lacks depth and spatial awareness. The ergonomic design makes these feel almost weightless on my head. The glossy finish is a constant fingerprint magnet and looks dirty all the time.",2021-11-19,Apple MacBook Pro 14 Review
amazon,Sony WH-1000XM5,4,"The standby drain is terrible, loses significant charge just sitting on the desk. The noise cancellation is quite underwhelming and lets in a lot of ambient sound. Expensive upfront but the quality completely justifies the cost.",2022-10-13,Sony WH-1000XM5 Review
amazon,Bose QuietComfort 45,4,"Found these on sale and they're an absolute steal at that price point. 30+ hours of battery is not a marketing gimmick, it actually delivers every time.",2022-12-23,Bose QuietComfort 45 Review
amazon,Anker Soundcore Q45,5,"The color options are tasteful and the overall look is very refined and elegant. Multipoint pairing works flawlessly between my laptop, phone, and tablet simultaneously. Survived being dropped multiple times without any damage or rattles. The detail retrieval is exceptional, I'm hearing things in songs I never noticed before.",2024-12-03,Anker Soundcore Q45 Review
amazon,Sony WH-1000XM5,4,"The detail retrieval is exceptional, I'm hearing things in songs I never noticed before. The hinge mechanism feels incredibly solid and the build quality is top notch.",2020-04-23,Sony WH-1000XM5 Review
amazon,Beats Studio Pro,5,"Bass response is deep and satisfying without being muddy or overpowering at all. Multipoint pairing is unreliable and switches devices completely unexpectedly. Premium price but you're paying for premium quality, absolutely no regrets.",2022-09-29,Beats Studio Pro Review
amazon,Apple MacBook Pro 14,4,"Built like a tank, feels like it will last for years with proper care. NFC pairing is super convenient and just works perfectly every single time. Worth every single penny, the value you get is truly outstanding.",2022-04-04,Apple MacBook Pro 14 Review
amazon,Bose QuietComfort 45,4,Found these on sale and they're an absolute steal at that price point. NFC pairing is super convenient and just works perfectly every single time.,2021-03-04,Bose QuietComfort 45 Review
amazon,Sennheiser Momentum 4,5,Handles multitasking beautifully without any slowdowns or hiccups at all. Compact foldable design makes it very easy to travel with anywhere. Found these on sale and they're an absolute steal at that price point. The hinge cracked after just a few months of completely normal everyday use.,2020-11-04,Sennheiser Momentum 4 Review
